{"loss": [1.3856625985502764, 1.382810601522907, 1.3814832502253425, 1.381204038707133, 1.380995156866126, 1.3809246513573825, 1.3805398934556574, 1.3806081166122166, 1.3806173451098953, 1.380598259477878, 1.3805892888491702, 1.380219968269492, 1.3805795036812811, 1.3804911880107613, 1.3803101583526478, 1.3804871100200269, 1.3805298185633783, 1.3805527759039202, 1.3803803268293267, 1.3803955624075883, 1.3805665964877978, 1.3804588070418888, 1.380466104266953, 1.3803473291317565, 1.3805327603918993], "val_loss": [1.3799298944639242, 1.38050308886259, 1.3804145485184347, 1.3803919047182067, 1.3800376557715999, 1.3800649302346366, 1.380107893297169, 1.380129695543783, 1.3800676647003705, 1.3802442575728573, 1.3800643813013598, 1.3803170353195822, 1.380071560051927, 1.3800894876940688, 1.3804677294336254, 1.3803061761226751, 1.3801282380610986, 1.3801121413491617, 1.3802875380657824, 1.3803634085976793, 1.3800914274600211, 1.380016623674051, 1.380055895225132, 1.3804424852456971, 1.380049848228023], "val_acc": [0.26903553299492383, 0.2675852066715011, 0.2704858593183466, 0.2683103698332125, 0.26468455402465557, 0.2675852066715011, 0.2704858593183466, 0.2704858593183466, 0.2704858593183466, 0.2704858593183466, 0.2675852066715011, 0.2704858593183466, 0.2704858593183466, 0.2704858593183466, 0.2704858593183466, 0.2704858593183466, 0.2704858593183466, 0.2704858593183466, 0.2675852066715011, 0.2675852066715011, 0.2704858593183466, 0.2704858593183466, 0.2704858593183466, 0.2704858593183466, 0.2704858593183466]}