{"loss": [1.3868097778115263], "val_loss": [1.380715944613124], "val_acc": [0.2675852066715011]}