{"loss": [1.2742379043413246, 1.1757490073425183, 1.1364153530286707, 1.1003081228422082, 1.0657640125440515, 1.0493770222732985, 1.019262401090152, 0.9995059973951699, 0.9953149636586507, 0.9780688615812771, 0.9619864349779875, 0.9533168458420297, 0.9403879352237867, 0.9338182354318922, 0.9137557428816091, 0.8948168409043464, 0.8960065566975137, 0.8764379642147949, 0.8659872886927231, 0.8535000286240508, 0.8496180470438971, 0.8349386507186337, 0.8337894224602244, 0.809004686448885, 0.8002173688100732], "val_loss": [1.2007364758207282, 1.1942737844216815, 1.0913793136020602, 1.0808325143634971, 1.0875821618432149, 1.0549575409610865, 1.0005367201380837, 1.001420779146951, 1.027052215988693, 0.9982034468062984, 0.962166694906676, 1.0013689058167594, 0.9685946283260923, 0.9455983816842569, 0.9947033530132247, 0.9854372754487721, 0.9401194343452786, 0.9159588965494794, 0.9468115452755353, 0.9733561091962459, 0.9388974347003912, 0.9146380443085441, 0.9057473835087583, 0.9295996283819228, 0.9029100895187318], "val_acc": [0.43872371283538797, 0.45467730239303844, 0.504713560551124, 0.5003625815808557, 0.5184916606236403, 0.5329949238578681, 0.5431472081218274, 0.5474981870920957, 0.546047860768673, 0.5736040609137056, 0.5779550398839739, 0.5663524292965917, 0.5707034082668601, 0.5830311820159536, 0.5685279187817259, 0.5612762871646121, 0.5859318346627991, 0.6113125453226976, 0.5881073241479333, 0.5663524292965917, 0.593183466279913, 0.6040609137055838, 0.5997099347353154, 0.5881073241479333, 0.6062364031907179]}