{"loss": [1.392332249664802, 1.3830753920614676, 1.3811374505937228, 1.3807919010941407, 1.380738894281567, 1.380642168132009, 1.3806663630361398, 1.380583003865713, 1.3804223445379882, 1.3805966839529278, 1.380512858988843, 1.3805365543853034, 1.3803952247920115, 1.380523968274564, 1.380443861296075, 1.3803317230019214, 1.3803572259232824, 1.3804238151821042, 1.3804189194536798, 1.3804033605234618, 1.3803978370228394, 1.3802600243845393, 1.3804198607229685, 1.3804165968824074, 1.3803615213261728], "val_loss": [1.381401019220857, 1.3814052849943177, 1.3801936049492485, 1.3801131561409312, 1.3802286943203301, 1.3800602928290253, 1.3800726397647816, 1.3800856138676123, 1.3802505681443855, 1.3800083965041483, 1.3800528379693422, 1.3800347535138202, 1.3803823263079813, 1.3800206175742589, 1.380005124516034, 1.3808253050023356, 1.3802290938745987, 1.380080655487315, 1.3800557722986566, 1.3800999148329416, 1.3802703185907907, 1.380033933312414, 1.3800027254614993, 1.3800174871849962, 1.380120991968953], "val_acc": [0.2704858593183466, 0.2675852066715011, 0.2704858593183466, 0.2704858593183466, 0.2704858593183466, 0.2704858593183466, 0.2704858593183466, 0.2704858593183466, 0.2704858593183466, 0.2704858593183466, 0.2704858593183466, 0.2675852066715011, 0.2704858593183466, 0.2704858593183466, 0.2704858593183466, 0.2704858593183466, 0.2704858593183466, 0.2675852066715011, 0.2675852066715011, 0.2675852066715011, 0.2675852066715011, 0.2675852066715011, 0.2704858593183466, 0.2704858593183466, 0.2675852066715011]}