{"loss": [1.33577321326067, 1.2570191566022606, 1.1865771101427043, 1.1369702708600136, 1.1104535340528026, 1.0754459014917475, 1.0616057749629626, 1.043391067613027, 1.0295986804822115, 1.0153328557596681, 0.9979061197335518, 0.9859902970789999, 0.9717316142377255, 0.9749514947904029, 0.9571540245031256, 0.9519039453848105, 0.9406474492768605, 0.9384286915849653, 0.9229020980106393, 0.9261498429837479, 0.9096502308680408, 0.9044716728012401, 0.8950224181257616, 0.8878865469682035, 0.8793297742829105], "val_loss": [1.4198014491965063, 1.1894256287592748, 1.1808687442882584, 1.1080275380239701, 1.1198053314168874, 1.0508665102733228, 1.0273709426417224, 1.0613590540706117, 1.0315377831113262, 0.9982854634026326, 1.0152205743160345, 1.0101042971220286, 1.0081029078336277, 1.0390419125816284, 1.0049963690734929, 1.0421247190111698, 0.9777887436339092, 0.9782180425219988, 0.9535334490190994, 0.9604009676878654, 0.9734462253679133, 0.9607535211654398, 1.0124578645602786, 0.9259342652589536, 0.9658617595557807], "val_acc": [0.4430746918056563, 0.4720812182741117, 0.4271211022480058, 0.508339376359681, 0.4757070340826686, 0.542422044960116, 0.5228426395939086, 0.5308194343727338, 0.542422044960116, 0.5482233502538071, 0.5453226976069616, 0.5554749818709209, 0.546047860768673, 0.546047860768673, 0.546047860768673, 0.5250181290790428, 0.5714285714285714, 0.5431472081218274, 0.5881073241479333, 0.5779550398839739, 0.5685279187817259, 0.5779550398839739, 0.5612762871646121, 0.5924583031182016, 0.5620014503263234]}