{"loss": [1.1475556636759257, 1.0514296398889613, 1.0089865471321515, 0.9920764716327501, 0.9719594880043683, 0.9697638768945911, 0.9440588082330346, 0.9388280813545766, 0.9257508500797708, 0.920792455111409, 0.9079429597664361, 0.8935989360069715, 0.8878625464812894, 0.8775583709257001, 0.8591884849933474, 0.8635516552201061, 0.8503102870711536, 0.8292565115596175, 0.8179272450701219, 0.8220564649712693, 0.8128482730175897, 0.7958419152569541, 0.7884970290900035, 0.7831134980169974, 0.7740340741964024, 0.7730475010705368, 0.7622879017649009, 0.7513983338468224, 0.7495177210942057, 0.7350580119260395, 0.7335467631247761, 0.7188814183582817, 0.7077529239994121, 0.7044716681367122, 0.6952603228558001, 0.686565651199671, 0.6774829065578555, 0.6595499664083045, 0.6473211413632358, 0.6479065274340544, 0.6303888819455206, 0.6160368736159767, 0.6086417382196846, 0.6021420773660993, 0.5802326729860371, 0.5735223144797779, 0.5524912578846795, 0.547401160725931, 0.534287753609476, 0.5280927830264046], "val_loss": [1.0506169052484136, 1.0134571621504922, 0.9989703408597658, 0.9679131772524366, 0.9708263858531913, 0.9458403125754558, 0.9825184005312622, 0.9726796125275238, 0.9707743383866424, 0.9443520337808877, 0.9027736014880551, 0.945538253368189, 0.9270521650323644, 0.9020500869179765, 0.9142839934114212, 0.8810634012140023, 0.8822996895760298, 0.875809674927344, 0.9035346010350622, 0.8468035233769721, 0.8696900634095073, 0.9078978973557241, 0.9079573037937129, 0.8635446305367319, 0.8760411426386175, 0.8745771729445551, 0.8581285243465876, 0.8683617411394758, 0.8756152310719093, 0.8982230932257759, 0.8548818521861298, 0.8415678544455053, 0.8807026925108706, 0.8943947806643943, 0.9123941885021244, 0.8901291454676539, 0.9300978107591314, 0.9015688733755572, 0.948191744411209, 0.9415707275087092, 0.9365282229434039, 0.9435567789696506, 0.9247758955825702, 0.9364216940157348, 0.9784883547157127, 0.9740992547788968, 1.0193669784227193, 0.9984013188338091, 1.1133653283222884, 1.0438602793995717], "val_acc": [0.5208333333333334, 0.53125, 0.5598958333333334, 0.5677083333333334, 0.5598958333333334, 0.5703125, 0.5677083333333334, 0.5859375, 0.5625, 0.5859375, 0.6119791666666666, 0.5911458333333334, 0.5911458333333334, 0.5911458333333334, 0.6067708333333334, 0.6276041666666666, 0.609375, 0.6458333333333334, 0.6484375, 0.6276041666666666, 0.6510416666666666, 0.6302083333333334, 0.6302083333333334, 0.6458333333333334, 0.6380208333333334, 0.6302083333333334, 0.6666666666666666, 0.6770833333333334, 0.6510416666666666, 0.6614583333333334, 0.65625, 0.6927083333333334, 0.6588541666666666, 0.6302083333333334, 0.6536458333333334, 0.6484375, 0.6432291666666666, 0.6510416666666666, 0.6223958333333334, 0.6276041666666666, 0.6328125, 0.6536458333333334, 0.6640625, 0.6458333333333334, 0.6458333333333334, 0.6666666666666666, 0.6119791666666666, 0.6588541666666666, 0.609375, 0.6302083333333334]}