{"loss": [1.1849204028646152, 1.03806896135211, 0.9493999400486549, 0.9089954368149241, 0.8693086132407188, 0.8529765332738558, 0.8309247347836693, 0.8116481965407729, 0.7774395793676376, 0.7605858553821842, 0.743130665893356, 0.7447112541024884, 0.7192932129837573, 0.7022844916209579, 0.6891692271456122, 0.6763808159157634, 0.6374594629742205, 0.6817789707953731, 0.6441799138362209, 0.6485072514042258, 0.6210979856550694, 0.6205130023881793, 0.6190244651709994, 0.596781326768299, 0.6131064121921858, 0.5844835134533545, 0.585037709834675, 0.5468746904904643, 0.5666186994252106, 0.5459333853796124, 0.5413823393173516, 0.5311168859091898, 0.5362851407068471, 0.5133128319866955, 0.569010976391534, 0.5071199323671559, 0.4772863796291252, 0.5155734128008286, 0.5131018597943088, 0.46746355496967834, 0.48119414038956165, 0.48574603209272027, 0.4240473999331395, 0.4592753127217293, 0.5076523615668217, 0.43211611003304523, 0.4029633336079617, 0.4190206768301626, 0.4584140380223592, 0.4175418131053448], "val_loss": [1.0398831094304721, 0.9401426215966543, 0.8798738097151121, 0.8381191367904345, 0.839817096789678, 0.7994347140192986, 0.7504651471972466, 0.747472383081913, 0.7272695936262608, 0.723647257934014, 0.7376314910749594, 0.7232252409060796, 0.7442259639501572, 0.7336532485981783, 0.7207852353652319, 0.6766762398183346, 0.6656124492486318, 0.7466936993102232, 0.6731845599909624, 0.646872895459334, 0.7108537033200264, 0.6751869904498259, 0.7224593882759412, 0.6923284294704596, 0.655585719893376, 0.6703252991040548, 0.6266150623559952, 0.6280593574047089, 0.6479748127361139, 0.608327204361558, 0.7192321121692657, 0.7346726550410191, 0.7200644835829735, 0.7399191744625568, 0.6578114405274391, 0.6528614026804765, 0.6599983808894953, 0.7942266004780928, 0.6571023091673851, 0.7727279122918844, 0.6261082732429107, 0.6445482559502125, 0.6807450037449598, 0.7051232469578584, 0.6514929005255302, 0.7025008338193098, 0.6646282114088535, 0.7476588431745768, 0.6544673045476278, 0.685168677320083], "val_acc": [0.5651041666666666, 0.6119791666666666, 0.625, 0.6796875, 0.6614583333333334, 0.6848958333333334, 0.6927083333333334, 0.6953125, 0.7109375, 0.734375, 0.6796875, 0.6953125, 0.71875, 0.7213541666666666, 0.7109375, 0.7161458333333334, 0.7526041666666666, 0.7213541666666666, 0.7369791666666666, 0.765625, 0.7109375, 0.734375, 0.6822916666666666, 0.734375, 0.7604166666666666, 0.7604166666666666, 0.7734375, 0.7760416666666666, 0.7760416666666666, 0.7734375, 0.75, 0.71875, 0.71875, 0.7369791666666666, 0.7578125, 0.7630208333333334, 0.7734375, 0.6848958333333334, 0.75, 0.7109375, 0.7786458333333334, 0.765625, 0.7682291666666666, 0.7473958333333334, 0.7708333333333334, 0.765625, 0.7760416666666666, 0.7682291666666666, 0.7734375, 0.7838541666666666]}