{"loss": [1.2480676068143808, 1.2480848322260163, 1.1944866435658235, 0.9952550796741112, 0.8650516701036228, 0.8225909125196823, 0.7659190798988956, 0.7461956170287871, 0.6934755659202089, 0.6810938158817588, 0.6689896208358171, 0.6343276351325575, 0.6132976022574165, 0.6115373343457793, 0.5920417519083091, 0.5706739853747647, 0.5638892943047237, 0.5267956621321, 0.536322058408781, 0.5159243196890217, 0.49807302910619056, 0.5316187878175547, 0.4976545050182507, 0.499236034276438, 0.4705047188750979, 0.469495135046893, 0.4677939817395395, 0.42141538760028574, 0.4263049500061058, 0.46957215081394404, 0.4402411168593801, 0.45471123987040724, 0.43266134141916535, 0.4210283017052609, 0.4146042943432814, 0.4173113229530915, 0.41547113766955773, 0.3612923991694295, 0.4021819017985025, 0.383749668880239, 0.38309840800114936, 0.42072008375229414, 0.39072566791302804, 0.3650471355058483, 0.37639817977462714, 0.39116900010844274, 0.38384494347050785, 0.360968673956798, 0.35362977500793824, 0.38107276244420807], "val_loss": [1.278770588338375, 1.2419263059273362, 1.5926438607663538, 1.0169358652213607, 1.1298669214374968, 1.049762992731606, 1.0318084683385678, 0.9715344027955931, 0.8912515617418345, 0.9068827057399176, 0.9278276182869073, 0.8960876467020474, 0.896185574292152, 0.8486323005781742, 0.8783055620709396, 0.8443035787322893, 0.9355484309113914, 0.870962979698902, 0.9214123031979398, 0.957124242421628, 0.783898087851488, 0.8875885937604835, 0.9278632667319471, 0.9154823257014565, 0.9736319005223777, 0.8427119777026347, 0.8069947099724729, 0.9593636558861428, 0.9928002644759815, 0.9493397648994346, 0.9729611425318202, 0.9124980812831988, 0.8940377393134895, 1.0338014312498747, 0.921831585119719, 0.9764901014590279, 0.9550434841248526, 0.9087569420990368, 1.0700972970191256, 1.0439060185391682, 1.2044299792720357, 1.083440049971698, 0.9953903023218421, 0.9631668929828953, 1.0921151187244504, 1.0276753116280952, 1.1511540101214024, 0.9974458497368749, 1.199727832528889, 1.1833814678361232], "val_acc": [0.3958333333333333, 0.3098958333333333, 0.2604166666666667, 0.5520833333333334, 0.4791666666666667, 0.5364583333333334, 0.5338541666666666, 0.578125, 0.6432291666666666, 0.6328125, 0.6484375, 0.6380208333333334, 0.6171875, 0.6536458333333334, 0.6223958333333334, 0.6536458333333334, 0.6484375, 0.640625, 0.6536458333333334, 0.6276041666666666, 0.7109375, 0.6588541666666666, 0.6510416666666666, 0.6458333333333334, 0.6484375, 0.6692708333333334, 0.6875, 0.6432291666666666, 0.6614583333333334, 0.6458333333333334, 0.6484375, 0.6822916666666666, 0.6640625, 0.640625, 0.65625, 0.6588541666666666, 0.6614583333333334, 0.6744791666666666, 0.6484375, 0.6901041666666666, 0.6302083333333334, 0.6276041666666666, 0.6536458333333334, 0.6432291666666666, 0.6666666666666666, 0.6744791666666666, 0.6145833333333334, 0.6927083333333334, 0.6666666666666666, 0.6692708333333334]}