{"loss": [1.100146144318084, 0.8537141147535294, 0.7941792625933886, 0.7366089633821199, 0.6871042317555597, 0.695122824360927, 0.6596484200563282, 0.622349957547461, 0.5960080778847138, 0.592583646842589, 0.5531384842664314, 0.5610285883303732, 0.5669107418507338, 0.5651518018761029, 0.5076251640372599, 0.5031721535682058, 0.5042067924126362, 0.5075254463008605, 0.49848083435790613, 0.446421349964415, 0.4599765025777742, 0.45075657692116994, 0.44577613366224494, 0.4312132162352403, 0.39326414357249934, 0.3761149672985387, 0.3698765666534503, 0.3829682820942253, 0.3773218126904491, 0.32619362650439143, 0.34713196748392267, 0.3363830626088505, 0.31961534824222326, 0.2923436226944129, 0.29506731214254006, 0.29827534054250765, 0.2978730557175974, 0.2707813729454453, 0.26462038187067566, 0.26250377664716024, 0.27181877918822767, 0.2591125943363295, 0.2600828403277167, 0.25669898388635676, 0.24262205201618295, 0.2733593771620993, 0.24982176266348688, 0.2193962049423135, 0.24089662718809754, 0.18101178780307237], "val_loss": [0.9532315557201704, 0.7658194210380316, 0.6909921194116274, 0.6656535581375161, 0.6735231274118026, 0.62590999280413, 0.6144492349897822, 0.5848404221857587, 0.6037976403410236, 0.5898575965935985, 0.5686243468274673, 0.5648702597245574, 0.6161289671435952, 0.5642037821623186, 0.5918816279930373, 0.5755017925985157, 0.6440903032198548, 0.5836214513207475, 0.6377144619667282, 0.5641828089331588, 0.5767169968845943, 0.6611810255950937, 0.5753565686754882, 0.5874184862089654, 0.5756193024960036, 0.5947097367607057, 0.6482680648720512, 0.5331119339292248, 0.5588504128584949, 0.6159436350377897, 0.6419978637713939, 0.5969404847710393, 0.6319072915551563, 0.6195279411040246, 0.7373769101298725, 0.6635268185248909, 0.6363809657632373, 0.6670224302603552, 0.792227019633477, 0.6777052823066091, 0.6575130458610753, 0.6834410053367416, 0.7242225506730998, 0.730607941998945, 0.7212410654562215, 0.6594767911204448, 0.5566787491552532, 0.6616803064825945, 0.7097362215184452, 0.7129863901742889], "val_acc": [0.5703125, 0.6953125, 0.7135416666666666, 0.7526041666666666, 0.7395833333333334, 0.7421875, 0.75, 0.7890625, 0.7578125, 0.765625, 0.7682291666666666, 0.7838541666666666, 0.7708333333333334, 0.7864583333333334, 0.7786458333333334, 0.7890625, 0.7604166666666666, 0.7526041666666666, 0.7291666666666666, 0.7708333333333334, 0.7786458333333334, 0.7630208333333334, 0.7682291666666666, 0.7526041666666666, 0.8072916666666666, 0.7838541666666666, 0.7526041666666666, 0.78125, 0.7942708333333334, 0.7942708333333334, 0.7708333333333334, 0.8020833333333334, 0.8020833333333334, 0.8020833333333334, 0.75, 0.8098958333333334, 0.7786458333333334, 0.7708333333333334, 0.8046875, 0.8020833333333334, 0.7734375, 0.7942708333333334, 0.7916666666666666, 0.7864583333333334, 0.7942708333333334, 0.7786458333333334, 0.8072916666666666, 0.796875, 0.765625, 0.796875]}