{"loss": [0.9945204117318358, 0.8257347917495486, 0.7718615549991598, 0.733556487758318, 0.7137259622873475, 0.6902238187278613, 0.6674426296238323, 0.6485481588514543, 0.6250809008422511, 0.6047492346235716, 0.5888733902841857, 0.5819302872396459, 0.5710128636885734, 0.5745969806182595, 0.5559340344787952, 0.5541173725161889, 0.5304577176175846, 0.51844640763197, 0.5042862832696996, 0.49800903258960183, 0.5069829697026774, 0.4833308885635122, 0.4905125801976589, 0.4792258233287244, 0.4561504117892076, 0.4537121395122408, 0.44488332373647405, 0.4226084517422707, 0.4463986110329087, 0.40674645576641866, 0.40495574874219353, 0.38788153746633885, 0.40505953882892715, 0.3782675201891312, 0.3697868548932662, 0.3876524315418424, 0.3822489081954539, 0.34767349217675736, 0.3492796321023599, 0.3359398869189817, 0.33651449610159023, 0.33693376090351806, 0.31436603269734686, 0.33527538578599514, 0.31237209088134615, 0.30265287818923153, 0.2881146775501877, 0.29799786979634435, 0.28519358173794146, 0.27743866559312563], "val_loss": [0.8921195301469803, 0.9679959716365071, 0.7346820874032952, 0.6699576240750199, 0.7182541045282657, 0.6494157466440811, 0.7693312642344002, 0.6488217188683242, 0.6889556979634411, 0.7246828998693976, 0.6945505554685951, 0.6556071608129059, 0.7587451587217705, 0.5790879258614344, 0.5761424834045101, 0.5785101649610928, 0.5695637236567563, 0.6257182893023128, 0.5909650389661086, 0.5636261909943036, 0.5534234069964441, 0.5440869740632479, 0.5670583073763282, 0.5556490806354001, 0.5273789649897177, 0.5317167525815117, 0.5367579270532588, 0.5711614150374468, 0.5775165326470718, 0.6257254529227035, 0.5840690420363709, 0.6491975583523981, 0.5381779290003882, 0.6037320501114513, 0.5554701390698634, 0.6518046312345026, 0.6159869269973418, 0.5642180068337742, 0.5542000508042216, 0.5925513011659689, 0.6306506554928605, 0.5768950628391399, 0.6644840555956103, 0.6093599397490171, 0.6723875076233033, 0.57781341690694, 0.7708140676947165, 0.6562467311370691, 0.9030652310359528, 0.6831553084431784], "val_acc": [0.5911458333333334, 0.5494791666666666, 0.7083333333333334, 0.7291666666666666, 0.6927083333333334, 0.7421875, 0.65625, 0.7421875, 0.7057291666666666, 0.7317708333333334, 0.7135416666666666, 0.7526041666666666, 0.7369791666666666, 0.7734375, 0.7942708333333334, 0.7864583333333334, 0.7838541666666666, 0.7473958333333334, 0.7838541666666666, 0.7838541666666666, 0.7864583333333334, 0.78125, 0.7630208333333334, 0.7890625, 0.8255208333333334, 0.7916666666666666, 0.8046875, 0.8020833333333334, 0.7916666666666666, 0.7838541666666666, 0.8020833333333334, 0.7604166666666666, 0.8151041666666666, 0.7630208333333334, 0.8255208333333334, 0.7916666666666666, 0.8046875, 0.7864583333333334, 0.7864583333333334, 0.8072916666666666, 0.8098958333333334, 0.8098958333333334, 0.7838541666666666, 0.7786458333333334, 0.7864583333333334, 0.8125, 0.7630208333333334, 0.8098958333333334, 0.7890625, 0.8020833333333334]}