{"loss": [1.2271859386823973, 1.0585204310416256, 0.917200006034627, 0.8443679189345649, 0.7900253418201851, 0.7389991156186181, 0.7017981655883669, 0.7096055837548368, 0.6850179636012809, 0.6755475367899612, 0.6317282561564221, 0.6423244760377717, 0.6164743720148653, 0.6049800724531984, 0.569293771071923, 0.5655607439838854, 0.5743447520428846, 0.5536594253558732, 0.5444889999088519, 0.5342728949985508, 0.5131649883522321, 0.5093420980761998, 0.4916759172304268, 0.46387015046784474, 0.4775874255381941, 0.4733506814119128, 0.45317499290876756, 0.4338307816682479, 0.452864767891343, 0.4246064419933579, 0.4099862131068775, 0.3953721386779388, 0.39346793278061964, 0.38917630877546133, 0.37443716067543575, 0.38373147736316326, 0.3757986183874017, 0.37839690042343116, 0.3584412072657715, 0.33340937427624096, 0.33802659068159263, 0.3202426373915191, 0.3022046288900265, 0.31202237642179576, 0.3223268958781456, 0.28107411240466756, 0.30477073278889627, 0.32057402589170364, 0.2725115286376813, 0.262904836423901], "val_loss": [1.140673694239619, 1.1904755885965035, 0.8432062990207972, 1.0506865378439063, 0.7708646695831097, 0.7735717644493434, 0.7580711143732918, 0.7197901824212636, 0.620640137659251, 0.6482756955303254, 0.6303206277099728, 0.715545066094459, 0.6796897637316685, 0.7133088352935791, 0.6436731673316464, 0.7147641676277363, 0.7066458374992984, 0.6740787243912555, 0.6923539419365502, 0.6526385476648784, 0.6082868814544634, 0.6650523754939627, 0.7189982587851205, 0.6690353668783106, 0.6748359993474388, 0.7652794836037676, 0.7549728731641068, 0.7462984286731967, 0.7358173891101015, 0.855143025298101, 0.7437733479484452, 0.8287054478757158, 0.8114284082516336, 1.0185263918952359, 0.7699248412333639, 0.8527953898190618, 0.8076915625278408, 0.8159383549010695, 0.7712074606022931, 0.8177857458137373, 0.9221204828207311, 0.8144237143365821, 1.000486487206434, 0.9487393770740078, 0.8916802674201362, 0.7961521359808071, 1.0128355334670989, 1.1734762639855025, 1.0218920486536842, 1.0226832190370003], "val_acc": [0.4557291666666667, 0.5026041666666666, 0.6432291666666666, 0.625, 0.6744791666666666, 0.7057291666666666, 0.7265625, 0.7213541666666666, 0.7682291666666666, 0.7291666666666666, 0.7630208333333334, 0.765625, 0.7604166666666666, 0.7473958333333334, 0.7526041666666666, 0.75, 0.7552083333333334, 0.7473958333333334, 0.7708333333333334, 0.7708333333333334, 0.7604166666666666, 0.7630208333333334, 0.7578125, 0.7708333333333334, 0.7916666666666666, 0.7604166666666666, 0.7473958333333334, 0.7734375, 0.7421875, 0.7421875, 0.7526041666666666, 0.7447916666666666, 0.7734375, 0.7291666666666666, 0.8020833333333334, 0.7526041666666666, 0.765625, 0.78125, 0.7864583333333334, 0.7734375, 0.7473958333333334, 0.7473958333333334, 0.7604166666666666, 0.7526041666666666, 0.7578125, 0.7786458333333334, 0.7526041666666666, 0.7395833333333334, 0.7604166666666666, 0.7552083333333334]}