{"loss": [1.2308819921066363, 1.2017664480954409, 1.1091883035066228, 0.9865571654712161], "val_loss": [1.2217814127604167, 1.0739520899951458, 1.0364142637699842, 0.8634626399725676], "val_acc": [0.390625, 0.5494791666666666, 0.5598958333333334, 0.6458333333333334]}