{"loss": [1.2062481225778658, 1.0445940652862191, 0.9667215764832994, 0.8757998556053886, 0.8487615937677523, 0.7795503057229022, 0.7637811845634133, 0.7595215907786041, 0.7239351712632924, 0.7125505537260324, 0.6595795542622606, 0.6810867166689908, 0.645627435335579, 0.6456978736290088, 0.6310940962284803, 0.6152337458139906, 0.5836748445096115, 0.5991658813630542, 0.546686498040799, 0.5597313680142785, 0.539600624043184, 0.5313273041974753, 0.546541792631615, 0.5486269968678243, 0.5347543231522044, 0.553610352644076, 0.4809619012909631, 0.5066322277222449, 0.5038263773700843, 0.46623364407181117, 0.45721939456416294, 0.42273665897664614, 0.4244719688722398, 0.43738643209993217, 0.45522676573212567, 0.42435394060642767, 0.3973002667189576, 0.3809099903252597, 0.3922535586849942, 0.3940361642356341, 0.39572482864605263, 0.36896186936064623, 0.35648205332108773, 0.3688772468594834, 0.35870108129650663, 0.340771633957047, 0.3673058271233458, 0.3414785798522644, 0.34922732566095266, 0.3069455040968023], "val_loss": [1.125779648621877, 0.9387634980181853, 0.9738773194452127, 0.8769022213915983, 0.8267340219269196, 0.7985448486482104, 0.7928290761386355, 0.8897937225798765, 0.7594168810173869, 0.8091852174450954, 0.7470789927368363, 0.7091531244417032, 0.8002316585431496, 0.7850532839074731, 0.6746375700458884, 0.7070715560888251, 0.6747714305917422, 0.6796439702933034, 0.688803578261286, 0.6236671602043012, 0.6386801352103552, 0.6543175575012962, 0.7473784373141825, 0.6538869036982456, 0.6367873204872012, 0.6388013620550433, 0.6709288054456314, 0.6241785623133183, 0.6161080114543438, 0.6558406871433059, 0.6986994262163838, 0.713812763026605, 0.7224369291216135, 0.7036196288342277, 0.6710703894495964, 0.7052799057370672, 0.6384271460895737, 0.8059422470008334, 0.7075562264459828, 0.6520669623278081, 0.6680654144535462, 0.7362410717954239, 0.7561211076875528, 0.6767443558201194, 0.6913862701815864, 0.7132695500428478, 0.6799830918510755, 0.9273915497857766, 0.7626086215799054, 0.7149496793281287], "val_acc": [0.4973958333333333, 0.609375, 0.5625, 0.6302083333333334, 0.6380208333333334, 0.6692708333333334, 0.6822916666666666, 0.6119791666666666, 0.6744791666666666, 0.671875, 0.671875, 0.6927083333333334, 0.6666666666666666, 0.6901041666666666, 0.7291666666666666, 0.6953125, 0.7213541666666666, 0.7057291666666666, 0.7369791666666666, 0.7421875, 0.7473958333333334, 0.7395833333333334, 0.703125, 0.734375, 0.7317708333333334, 0.7473958333333334, 0.7421875, 0.7526041666666666, 0.7708333333333334, 0.7473958333333334, 0.7369791666666666, 0.7395833333333334, 0.7057291666666666, 0.734375, 0.7526041666666666, 0.7682291666666666, 0.7447916666666666, 0.7421875, 0.7552083333333334, 0.7369791666666666, 0.7473958333333334, 0.7265625, 0.7473958333333334, 0.7369791666666666, 0.7317708333333334, 0.7239583333333334, 0.7473958333333334, 0.7161458333333334, 0.7161458333333334, 0.7552083333333334]}