{"loss": [1.2433369820937514, 1.2142188462118308, 1.0474825852240126, 0.9284355534861485, 0.8460175126480559, 0.7885080685373396, 0.7685955541674048, 0.7079750150442123, 0.7038554645841941, 0.6858501267464211, 0.6470039072834576, 0.636631385772489, 0.6131193829933181, 0.5979284719796851, 0.5839550387851583, 0.5693069249003505, 0.5612464747779692, 0.539316754322499, 0.5568153572385199, 0.5383596690953709, 0.5272179364304369, 0.5294976990359525, 0.5264645820328345, 0.48630896233953536, 0.48178577606449835, 0.46232818222294253, 0.4538031325403911, 0.440195708302781, 0.43462835550599266, 0.4469982032023836, 0.42390519737576443, 0.44821409163220477, 0.417837058135774, 0.40835093435210484, 0.3797207404859364, 0.36193549348778714, 0.36309709938359447, 0.3491366814317492, 0.32837590064445976, 0.36230829611304216, 0.32834439205907984, 0.3683749756213122, 0.35202022981926956, 0.3156256891185573, 0.3128299488841246, 0.29044424037177424, 0.28834157807189814, 0.289731033789091, 0.29663856506764813, 0.2768339019821724], "val_loss": [1.1982889672120411, 1.07213165735205, 0.9516037994374832, 0.851309071915845, 0.9537238537644347, 0.8703677565790713, 0.8426837700729569, 0.8172265250856677, 0.7256773022624353, 0.750741658732295, 0.6706580941875776, 0.6948932831486067, 0.6881397782514492, 0.6263983909351131, 0.8667740820286175, 0.6778049585409462, 0.6532090881373733, 0.9090513335540891, 0.8627912825904787, 0.6610513051661352, 0.6802572330149511, 0.7035268022057911, 0.6407085436706742, 0.7254197429089496, 0.7113657945301384, 0.7257785178177679, 0.7199578996126851, 0.7955087157121549, 0.8055016191210598, 0.6957013486729314, 0.8125276632296542, 0.7188443974591792, 0.7812223250512034, 0.7974933293104792, 0.8243387371767312, 0.8801541528664529, 0.9978284376362959, 0.7824813558254391, 0.9539966009324417, 0.886574182814608, 0.8587080050104609, 0.8028991563866535, 0.7778799100002894, 0.9941519175675543, 0.9398310390533879, 0.9411890855214248, 0.9405248081311584, 0.9557041205504598, 0.9076315892161801, 0.9254487940343097], "val_acc": [0.4036458333333333, 0.5130208333333334, 0.6067708333333334, 0.6614583333333334, 0.6380208333333334, 0.6588541666666666, 0.6536458333333334, 0.6848958333333334, 0.7239583333333334, 0.7473958333333334, 0.734375, 0.7734375, 0.7552083333333334, 0.765625, 0.7005208333333334, 0.7213541666666666, 0.765625, 0.6901041666666666, 0.7161458333333334, 0.7447916666666666, 0.7473958333333334, 0.7604166666666666, 0.7604166666666666, 0.7682291666666666, 0.7682291666666666, 0.7604166666666666, 0.7734375, 0.7552083333333334, 0.7578125, 0.7473958333333334, 0.734375, 0.75, 0.75, 0.75, 0.7630208333333334, 0.7473958333333334, 0.7239583333333334, 0.7526041666666666, 0.7578125, 0.7447916666666666, 0.7526041666666666, 0.7682291666666666, 0.7786458333333334, 0.7552083333333334, 0.7552083333333334, 0.7552083333333334, 0.75, 0.7604166666666666, 0.7552083333333334, 0.765625]}