{"loss": [1.2308819921066363, 1.2017664480954409, 1.1091883035066228, 0.9865571654712161, 0.9262555387491981, 0.8762389263138175, 0.8436678128006557, 0.8224289186764508, 0.7600656535166005, 0.752044204932948, 0.7328385241950551, 0.7257773689925671, 0.7176420871983282, 0.6883136519075682, 0.6829527516771728, 0.6446457156756272, 0.6742664675693959, 0.6454143561034774, 0.6397959943860769, 0.6434478630156567, 0.6005956355171899, 0.5824379144081225, 0.5997402926053231, 0.5725517790221298, 0.5689006415971866, 0.5761436948863169, 0.5573366801254451, 0.5442782981554046, 0.5230135261275185, 0.5393457003713896, 0.5133847893836597, 0.5263813006458804, 0.4839885397426163, 0.4878675657867764, 0.4857811739202589, 0.4649515247729141, 0.47014146523239714, 0.4823470466459791, 0.4527942866552621, 0.44486025398752344, 0.4424014652419525, 0.46377036533279653, 0.43378869591591257, 0.39891486295770545, 0.44364868564298376, 0.4119329683599062, 0.38975302446245524, 0.38241675552368787, 0.3909425496046121, 0.3626792730647139], "val_loss": [1.2217814127604167, 1.0739520899951458, 1.0364142637699842, 0.8634626399725676, 0.9318011921520034, 0.9690033290535212, 0.8909479454159737, 0.7665765900164843, 0.9636453088993827, 0.7791205402463675, 0.8813188656543692, 0.9129279718423883, 0.8290169614677628, 0.8804269656538963, 0.770233193722864, 0.7241434150685867, 0.7206247290596366, 0.883398229877154, 0.8600688381120563, 0.7144299512729049, 0.7669105691214403, 0.699087394711872, 0.7515617059543729, 0.6755952794725696, 0.6970011801458895, 0.6149330489958326, 0.6423520455136895, 0.6717123572404186, 0.6196873569861054, 0.7506510030167798, 0.6885449162994822, 0.6233592418332895, 0.6547752840754887, 0.724649315001443, 0.6648981554123262, 0.6529882953812679, 0.718117207987234, 0.7829142405341069, 0.6465545541917285, 0.7282583070918918, 0.7766651744799068, 0.6779626300558448, 0.6339604635722935, 0.6542836520820856, 0.9760535132760803, 0.7656665852603813, 0.6966410450016459, 0.7579438253305852, 0.8439324261465421, 0.7463428061455488], "val_acc": [0.390625, 0.5494791666666666, 0.5598958333333334, 0.6458333333333334, 0.6171875, 0.5494791666666666, 0.6822916666666666, 0.6979166666666666, 0.59375, 0.6901041666666666, 0.65625, 0.6432291666666666, 0.6848958333333334, 0.6927083333333334, 0.6953125, 0.7005208333333334, 0.7213541666666666, 0.6484375, 0.6354166666666666, 0.7005208333333334, 0.6927083333333334, 0.7239583333333334, 0.7109375, 0.734375, 0.7317708333333334, 0.765625, 0.7369791666666666, 0.7317708333333334, 0.734375, 0.6927083333333334, 0.7265625, 0.75, 0.7291666666666666, 0.7135416666666666, 0.7526041666666666, 0.7578125, 0.7317708333333334, 0.703125, 0.765625, 0.7317708333333334, 0.71875, 0.7526041666666666, 0.75, 0.7604166666666666, 0.6458333333333334, 0.7161458333333334, 0.7473958333333334, 0.7395833333333334, 0.703125, 0.7421875]}