{"loss": [1.1632314310552274, 0.9205375525063345, 0.8338194358431339, 0.7654977679688916, 0.7402644690348676, 0.7061665947779381, 0.6886097596390296, 0.6500172068580119, 0.6487727767268336, 0.6252292102397704, 0.6253872989233503, 0.6168351619378232, 0.5997230836851344, 0.5890534893170296, 0.5532855511716457, 0.5586538398118095, 0.5512074044174728, 0.5234686517721692, 0.5170465140084068, 0.5046238367770309, 0.5077939662602556, 0.5023487134192789, 0.49453667250700006, 0.47938814599182067, 0.4425028064445928, 0.44244287612559036, 0.4646403169138578, 0.4588754004001924, 0.4479964516876869, 0.4352403967057748, 0.42042496405091867, 0.4462597826162967, 0.4224658359814543, 0.3891192561031899, 0.40372084797809515, 0.3901183060941153, 0.38145265412467433, 0.3978377904205421, 0.41617553583620825, 0.37042296791545987, 0.3460818465187136, 0.3608803194424856, 0.3494741077043573, 0.33110567990768064, 0.33878393929514256, 0.32340169564812565, 0.32744559980844706, 0.3066413154512674, 0.32275115951293126, 0.33050110645841496], "val_loss": [0.9720785522173779, 0.9620464397679219, 0.8494119848061624, 0.8218611080152792, 0.8988216840558039, 0.8475486662971813, 0.8107977373755754, 0.9069949155655378, 0.8057543193891471, 0.948835108796762, 0.8334966820477613, 0.9127037600191367, 0.7591959805411838, 0.7904911459311966, 0.9791023564583744, 1.0769122147582946, 0.8706842424758179, 0.9158597735890616, 0.9426237674735916, 1.0836686747794584, 1.1102604041628825, 1.0500694088906426, 1.0098527112816666, 0.9743035646523359, 1.363465790213689, 1.4205459059410102, 1.136662834921229, 1.2108511680543457, 0.9653517351427273, 1.0353626122739759, 1.2019279174026196, 0.9167232304660781, 1.0773788202149703, 1.446570162123897, 1.276538875649564, 1.5796023965382606, 1.6888521988649599, 1.8509872016463167, 1.4023303727329857, 1.6366604470930763, 2.066097728593714, 1.6722602357581475, 1.512323925728657, 1.921983548339205, 1.8361028402210449, 1.703591711750092, 2.4723295609365787, 2.6935520296348745, 2.6411853180801383, 2.153430395754287], "val_acc": [0.5885416666666666, 0.6041666666666666, 0.6119791666666666, 0.6770833333333334, 0.6536458333333334, 0.6380208333333334, 0.6614583333333334, 0.6640625, 0.6901041666666666, 0.6796875, 0.6770833333333334, 0.6276041666666666, 0.7083333333333334, 0.6979166666666666, 0.6744791666666666, 0.6354166666666666, 0.6822916666666666, 0.6927083333333334, 0.6328125, 0.6666666666666666, 0.6536458333333334, 0.6510416666666666, 0.6588541666666666, 0.7005208333333334, 0.640625, 0.6041666666666666, 0.6458333333333334, 0.6484375, 0.6744791666666666, 0.6432291666666666, 0.6510416666666666, 0.6614583333333334, 0.6276041666666666, 0.6354166666666666, 0.6145833333333334, 0.6614583333333334, 0.6171875, 0.6197916666666666, 0.6432291666666666, 0.609375, 0.6223958333333334, 0.6302083333333334, 0.65625, 0.6145833333333334, 0.6302083333333334, 0.640625, 0.6067708333333334, 0.5859375, 0.6223958333333334, 0.6223958333333334]}