{"loss": [1.0729171099762123, 0.8262154366821051, 0.7451393539085984, 0.7293128414700428, 0.6732397784168521, 0.667299123480916, 0.6098486340294281, 0.6005836849411329, 0.5539377440388004, 0.5312119491087893, 0.517618411531051, 0.47534376949382323, 0.4488631814407806, 0.45383200227903825, 0.4113973279017955, 0.39336083526723087, 0.3613788338843733, 0.3541045718981574, 0.3606675950965534, 0.3027523330335195, 0.32857677099915844, 0.32502610236406326, 0.26930104246518266, 0.24892473713650057, 0.2611302146106027, 0.2080968881297546, 0.23331304849125445, 0.2849221771854597, 0.21555557823739946, 0.21273507016788548, 0.2302684293827042, 0.1769897918420611, 0.20675414607588513, 0.2161331074506355, 0.1811913934555681, 0.1482034796984711, 0.16054655619276068, 0.17134904644141594, 0.15774654017877765, 0.1484820609233187, 0.1472142127919748, 0.1367033811948204, 0.12023966393220083, 0.11333081510626168, 0.13559306683722147, 0.13668040911337206, 0.1385152412694879, 0.10498832699280077, 0.10206061353043576, 0.13428896243567578], "val_loss": [0.9462767317891121, 0.8503405128916105, 0.7018071251610914, 0.679972139497598, 0.7224328691760699, 0.6629984540243944, 0.6709581129252911, 0.72270107952257, 0.6341201191147169, 0.6460084145267805, 0.6330745307107767, 0.623527712499102, 0.6433643649021784, 0.590354610234499, 0.585877750068903, 0.7227065662542979, 0.6309631758679947, 0.6151788445810477, 0.6461777010311683, 0.7472572379435102, 0.691458602125446, 0.7402314295371374, 0.708293973778685, 0.7383636950204769, 0.8547039783249298, 0.7783198365941644, 0.8337451803187529, 0.7681573741137981, 0.8841009909907976, 0.7889376493791739, 0.7829777356237173, 0.9377995462467273, 0.8061090571184953, 0.7721393710623184, 0.763514868915081, 0.8300466220825911, 0.7558649977048238, 0.7552602669845024, 0.8119508245338997, 0.7170699511965116, 0.9450471742699543, 0.8170803999528289, 0.8348984724531571, 0.8478027991950512, 0.8450856854518255, 0.9149535341809193, 1.012282640983661, 0.8773053934176763, 0.8851499771699309, 1.1003163568675518], "val_acc": [0.5885416666666666, 0.625, 0.7083333333333334, 0.7239583333333334, 0.7083333333333334, 0.7265625, 0.7265625, 0.734375, 0.7473958333333334, 0.75, 0.7317708333333334, 0.765625, 0.7447916666666666, 0.7630208333333334, 0.7708333333333334, 0.7552083333333334, 0.765625, 0.7552083333333334, 0.7604166666666666, 0.7942708333333334, 0.7421875, 0.7369791666666666, 0.7578125, 0.7552083333333334, 0.765625, 0.7526041666666666, 0.7526041666666666, 0.765625, 0.7682291666666666, 0.7838541666666666, 0.7526041666666666, 0.7395833333333334, 0.75, 0.7890625, 0.7682291666666666, 0.7838541666666666, 0.796875, 0.8125, 0.7630208333333334, 0.7760416666666666, 0.7734375, 0.7786458333333334, 0.7708333333333334, 0.7864583333333334, 0.7630208333333334, 0.7578125, 0.7395833333333334, 0.7864583333333334, 0.7760416666666666, 0.7578125]}