{"loss": [1.1433112432524621, 0.9170866438640591, 0.867041534289367, 0.7821991832622693, 0.7360288585554311, 0.7054997675508541, 0.6503826969470247, 0.6534134212044052, 0.6250950433344896, 0.6111815515851295, 0.5883441521392292, 0.5766880862451411, 0.5571893858974472, 0.5176554486514652, 0.5052689035325421, 0.4945858539271218, 0.49759312190316857, 0.4605514445034321, 0.4342202167948392, 0.43384853273262897, 0.3971359904052483, 0.398901195290231, 0.37887366932513666, 0.3884525545498384, 0.3676782054439525, 0.3555692361026647, 0.34206529822760523, 0.32252324612640304, 0.3468775109517992, 0.342148471218026, 0.29144305471836407, 0.33072733896904943, 0.31103672654728337, 0.26825080666532414, 0.28469223155764367, 0.2916938505928982, 0.2946223682257638, 0.24945593661146245, 0.27261819699503936, 0.24360866244533788, 0.25821448269716823, 0.2583390786328266, 0.2381244719466636, 0.23417031043831266, 0.21665383497120716, 0.22549207177569716, 0.22233589947130297, 0.1867019324243844, 0.22141336086790195, 0.2095933094015691], "val_loss": [0.9099049140177158, 0.8379013986426193, 1.0198479207340878, 0.7656618623283644, 0.7773053916023519, 0.6609440934071061, 0.7410240051709419, 0.642914086644154, 0.6216834145691205, 0.7840555220374421, 0.7306329573668385, 0.6364427878775496, 0.6596587602644475, 0.6769888454214268, 0.7360168844309921, 0.6133226387529979, 0.710902649042863, 0.6737337150429342, 0.6458253417696377, 0.7939183713670249, 0.8419925945738201, 0.7380292228677924, 0.7758881750227342, 0.7189538105715639, 0.7345605945276587, 0.7564102430429452, 0.9442186837310115, 1.0076431602637468, 0.822519889798284, 0.6936613844011793, 0.756842480993126, 0.7988872446585656, 0.7921090791092045, 0.9374446425093055, 0.906651673643858, 0.8125336409818007, 0.9457668962134628, 0.8879880880346418, 0.7076587446511459, 0.8034745664638567, 0.9945292162248393, 0.9282534211737173, 0.7891616756527764, 1.113095501030847, 0.8714364332028381, 0.7965926444754228, 1.0319813490332235, 0.9138639912497958, 1.0912874198860194, 0.8221203363180738], "val_acc": [0.5677083333333334, 0.5963541666666666, 0.609375, 0.6796875, 0.6927083333333334, 0.7239583333333334, 0.7395833333333334, 0.7708333333333334, 0.7708333333333334, 0.6901041666666666, 0.7317708333333334, 0.7786458333333334, 0.7682291666666666, 0.7838541666666666, 0.7447916666666666, 0.765625, 0.7578125, 0.7604166666666666, 0.7760416666666666, 0.7421875, 0.765625, 0.7630208333333334, 0.7213541666666666, 0.7760416666666666, 0.7760416666666666, 0.7734375, 0.7760416666666666, 0.7265625, 0.7552083333333334, 0.7526041666666666, 0.7760416666666666, 0.7604166666666666, 0.7473958333333334, 0.734375, 0.7734375, 0.7682291666666666, 0.765625, 0.7760416666666666, 0.7786458333333334, 0.7786458333333334, 0.7916666666666666, 0.7994791666666666, 0.7630208333333334, 0.7161458333333334, 0.7890625, 0.7916666666666666, 0.7864583333333334, 0.7552083333333334, 0.7708333333333334, 0.7760416666666666]}