{"loss": [1.2742379043413246, 1.1757490073425183, 1.1364153530286707, 1.1003081228422082, 1.0657640125440515, 1.0493770222732985, 1.019262401090152, 0.9995059973951699, 0.9953149636586507, 0.9780688615812771, 0.9619864349779875, 0.9533168458420297, 0.9403879352237867, 0.9338182354318922, 0.9137557428816091, 0.8948168409043464, 0.8960065566975137, 0.8764379642147949, 0.8659872886927231, 0.8535000286240508, 0.8496180470438971, 0.8349386507186337, 0.8337894224602244, 0.809004686448885, 0.8002173688100732, 1.060836710035801, 0.7877629809081554, 0.7328010387718678, 0.7007513605058193, 0.6653399579226971, 0.6370639093220234, 0.6060077715665102, 0.5969618484377861, 0.5815890282392502, 0.5539660360664129, 0.5448311548680067, 0.5363873317837715, 0.5130544845014811, 0.50218490883708, 0.4654031414538622, 0.4504110272973776, 0.4715244136750698, 0.427979176864028, 0.4364351313561201, 0.40720017813146114, 0.4075093138962984, 0.3830673648044467, 0.3815957736223936, 0.3687892183661461, 0.3497339738532901, 0.372829457744956, 0.3246459998190403, 0.33438634499907494, 0.31074860505759716, 0.2913524126634002, 0.278740425594151, 0.30423360224813223, 0.2945205932483077, 0.27951636351644993, 0.2582153081893921], "val_loss": [1.2007364758207282, 1.1942737844216815, 1.0913793136020602, 1.0808325143634971, 1.0875821618432149, 1.0549575409610865, 1.0005367201380837, 1.001420779146951, 1.027052215988693, 0.9982034468062984, 0.962166694906676, 1.0013689058167594, 0.9685946283260923, 0.9455983816842569, 0.9947033530132247, 0.9854372754487721, 0.9401194343452786, 0.9159588965494794, 0.9468115452755353, 0.9733561091962459, 0.9388974347003912, 0.9146380443085441, 0.9057473835087583, 0.9295996283819228, 0.9029100895187318, 0.7900357395410538, 0.7062866538763046, 0.6829278916120529, 0.67762491106987, 0.6886232942342758, 0.657610610127449, 0.6534692943096161, 0.6455859988927841, 0.6349607557058334, 0.6227901726961136, 0.6287620216608047, 0.6142257452011108, 0.6246807426214218, 0.6037504225969315, 0.611553430557251, 0.6192685216665268, 0.6111563146114349, 0.6041259914636612, 0.6080378592014313, 0.6522464156150818, 0.6160513162612915, 0.6168346703052521, 0.6106761544942856, 0.6303195506334305, 0.6635229289531708, 0.6232357248663902, 0.5929116308689117, 0.6240765452384949, 0.6297674179077148, 0.7004320025444031, 0.6386511474847794, 0.7526922076940536, 0.6388534232974052, 0.6807641386985779, 0.679738461971283], "val_acc": [0.43872371283538797, 0.45467730239303844, 0.504713560551124, 0.5003625815808557, 0.5184916606236403, 0.5329949238578681, 0.5431472081218274, 0.5474981870920957, 0.546047860768673, 0.5736040609137056, 0.5779550398839739, 0.5663524292965917, 0.5707034082668601, 0.5830311820159536, 0.5685279187817259, 0.5612762871646121, 0.5859318346627991, 0.6113125453226976, 0.5881073241479333, 0.5663524292965917, 0.593183466279913, 0.6040609137055838, 0.5997099347353154, 0.5881073241479333, 0.6062364031907179, 0.6822916666666666, 0.7005208333333334, 0.7135416666666666, 0.7135416666666666, 0.703125, 0.7291666666666666, 0.7317708333333334, 0.7395833333333334, 0.7421875, 0.75, 0.7526041666666666, 0.7447916666666666, 0.7578125, 0.7447916666666666, 0.7369791666666666, 0.7369791666666666, 0.7526041666666666, 0.7447916666666666, 0.7421875, 0.7317708333333334, 0.7447916666666666, 0.7447916666666666, 0.7395833333333334, 0.7473958333333334, 0.7369791666666666, 0.734375, 0.7604166666666666, 0.7682291666666666, 0.7473958333333334, 0.75, 0.75, 0.7395833333333334, 0.75, 0.7578125, 0.7526041666666666]}