{"loss": [1.3868097778115263, 1.3811781828692202, 1.3813696204967651, 1.38057985376672, 1.3803196240370477, 1.3805499321485966, 1.3806712079774304, 1.3805855002586525, 1.3804954984985114, 1.3804516925424488, 1.3804997958248295, 1.380364525266278, 1.3804898550754185, 1.3803360535235747, 1.3803943072738123, 1.3802714599829986, 1.3803535738312913, 1.3803553238478667, 1.380408132785122, 1.3803259218145403, 1.3803126423405598, 1.3801945469533299, 1.3803780053386314, 1.3802965686665314, 1.3803110171954989, 1.2604031629724228, 1.2163914425721678, 1.215086277564574, 1.2157150942725239, 1.2155009196103397, 1.2157748436492044, 1.2151941741104226, 1.2144497739583955, 1.2150531488983811, 1.215746486778359, 1.2153490752215175, 1.2153795418322242, 1.2143000644429858, 1.2153787158487983, 1.2158715742842023, 1.2154651431284125, 1.21475799642406, 1.2148587093652072, 1.215854527667048, 1.2153781373102421, 1.2149749574866682, 1.2147596201448465, 1.2155173412346654, 1.2154100445480944, 1.2152095009079178, 1.212983182220484, 1.2162266187661621, 1.2151131475096273, 1.2157258352473883, 1.2151293514135924, 1.215229353612148, 1.2154454069100222, 1.21540666093403, 1.2152764313214752, 1.2148464883120813], "val_loss": [1.380715944613124, 1.3804628758261046, 1.3800235375535064, 1.3802843092143147, 1.380323267397974, 1.3803978166863744, 1.380043490111093, 1.3800259878706291, 1.3800310811069756, 1.3800712806578561, 1.3800060259768545, 1.3800720929926595, 1.3800139654538526, 1.3805001820231626, 1.3802062373303088, 1.380132443581568, 1.3800766277866487, 1.3800487450882521, 1.380031056124028, 1.3802033049892566, 1.3800700587410266, 1.3803067263526447, 1.3800273478420166, 1.3800278595169875, 1.380010601400551, 1.2126419457296531, 1.210863197222352, 1.2135324856887262, 1.2116325466583173, 1.2128243551899989, 1.210819727430741, 1.2121678292751312, 1.2127042387922604, 1.2118574175983667, 1.2114322241395712, 1.2114519805957873, 1.211234115685026, 1.2121547268082697, 1.2113091610372066, 1.2108672155688207, 1.2111987620592117, 1.2114931407074134, 1.2120845715204875, 1.2110833562910557, 1.2113475563625495, 1.2117396779358387, 1.2117804164687793, 1.2111513608445723, 1.211094193160534, 1.2114641815423965, 1.2150164743264515, 1.2114376872777939, 1.2112937004615862, 1.2110319466640551, 1.2111896481364965, 1.211623977869749, 1.2115742756674688, 1.2111415316661198, 1.2108564569304388, 1.2113764037688572], "val_acc": [0.2675852066715011, 0.2704858593183466, 0.2704858593183466, 0.2675852066715011, 0.2704858593183466, 0.2704858593183466, 0.2704858593183466, 0.2704858593183466, 0.2704858593183466, 0.2704858593183466, 0.2704858593183466, 0.2704858593183466, 0.2704858593183466, 0.2704858593183466, 0.25888324873096447, 0.2675852066715011, 0.2675852066715011, 0.2675852066715011, 0.2675852066715011, 0.2675852066715011, 0.2675852066715011, 0.2704858593183466, 0.2704858593183466, 0.2675852066715011, 0.2704858593183466, 0.3854166666666667, 0.3854166666666667, 0.3854166666666667, 0.3854166666666667, 0.3854166666666667, 0.3854166666666667, 0.3854166666666667, 0.3854166666666667, 0.3854166666666667, 0.3854166666666667, 0.3854166666666667, 0.3854166666666667, 0.3854166666666667, 0.3854166666666667, 0.3854166666666667, 0.3854166666666667, 0.3854166666666667, 0.3854166666666667, 0.3854166666666667, 0.3854166666666667, 0.3854166666666667, 0.3854166666666667, 0.3854166666666667, 0.3854166666666667, 0.3854166666666667, 0.3854166666666667, 0.3854166666666667, 0.3854166666666667, 0.3854166666666667, 0.3854166666666667, 0.3854166666666667, 0.3854166666666667, 0.3854166666666667, 0.3854166666666667, 0.3854166666666667]}