{"loss": [1.392332249664802, 1.3830753920614676, 1.3811374505937228, 1.3807919010941407, 1.380738894281567, 1.380642168132009, 1.3806663630361398, 1.380583003865713, 1.3804223445379882, 1.3805966839529278, 1.380512858988843, 1.3805365543853034, 1.3803952247920115, 1.380523968274564, 1.380443861296075, 1.3803317230019214, 1.3803572259232824, 1.3804238151821042, 1.3804189194536798, 1.3804033605234618, 1.3803978370228394, 1.3802600243845393, 1.3804198607229685, 1.3804165968824074, 1.3803615213261728, 1.3577312567215365, 1.2165492063402819, 1.215698341165448, 1.2146231020088296, 1.2146466929981043, 1.2140604321390156, 1.2139865107075665, 1.2150800005574138, 1.2144840806333577, 1.214739632980008, 1.2145414629430746, 1.2146964301950938, 1.2145070816455872, 1.2147833168039746, 1.2147539432304024, 1.2145814389846343, 1.2144227706421138, 1.2143835028531347, 1.2150225558417895, 1.2146196153705486, 1.214936002894419, 1.2149507331785894, 1.2146224225470041, 1.2144361203706606, 1.2143780481721962, 1.2144247117615243, 1.2145540217817918, 1.2146077215204663, 1.2146164810688627, 1.214385390437303, 1.2146339715305259, 1.214409848261751, 1.2147708001398232, 1.2144864576603662, 1.2143806033906364], "val_loss": [1.381401019220857, 1.3814052849943177, 1.3801936049492485, 1.3801131561409312, 1.3802286943203301, 1.3800602928290253, 1.3800726397647816, 1.3800856138676123, 1.3802505681443855, 1.3800083965041483, 1.3800528379693422, 1.3800347535138202, 1.3803823263079813, 1.3800206175742589, 1.380005124516034, 1.3808253050023356, 1.3802290938745987, 1.380080655487315, 1.3800557722986566, 1.3800999148329416, 1.3802703185907907, 1.380033933312414, 1.3800027254614993, 1.3800174871849962, 1.380120991968953, 1.2255015807847183, 1.2131023009618123, 1.2113104946911335, 1.2109260347982247, 1.2117152698338032, 1.2117148712277412, 1.2110038126508396, 1.2109673420588176, 1.2111469271282356, 1.2108092879255612, 1.2113501789669197, 1.2109514685968559, 1.210831817239523, 1.2109775866071384, 1.2111013494431973, 1.2109333164989948, 1.2110309215883415, 1.2109930403530598, 1.211161804695924, 1.2109127392371495, 1.2108644333978493, 1.211100244273742, 1.2111520245671272, 1.210813260326783, 1.2108560440440972, 1.2109947465360165, 1.210834118227164, 1.2108184459308784, 1.2109743828574817, 1.2110751817623775, 1.2108417885998886, 1.2109720309575398, 1.211064516256253, 1.2114532217383385, 1.2111210847894351], "val_acc": [0.2704858593183466, 0.2675852066715011, 0.2704858593183466, 0.2704858593183466, 0.2704858593183466, 0.2704858593183466, 0.2704858593183466, 0.2704858593183466, 0.2704858593183466, 0.2704858593183466, 0.2704858593183466, 0.2675852066715011, 0.2704858593183466, 0.2704858593183466, 0.2704858593183466, 0.2704858593183466, 0.2704858593183466, 0.2675852066715011, 0.2675852066715011, 0.2675852066715011, 0.2675852066715011, 0.2675852066715011, 0.2704858593183466, 0.2704858593183466, 0.2675852066715011, 0.3854166666666667, 0.3854166666666667, 0.3854166666666667, 0.3854166666666667, 0.3854166666666667, 0.3854166666666667, 0.3854166666666667, 0.3854166666666667, 0.3854166666666667, 0.3854166666666667, 0.3854166666666667, 0.3854166666666667, 0.3854166666666667, 0.3854166666666667, 0.3854166666666667, 0.3854166666666667, 0.3854166666666667, 0.3854166666666667, 0.3854166666666667, 0.3854166666666667, 0.3854166666666667, 0.3854166666666667, 0.3854166666666667, 0.3854166666666667, 0.3854166666666667, 0.3854166666666667, 0.3854166666666667, 0.3854166666666667, 0.3854166666666667, 0.3854166666666667, 0.3854166666666667, 0.3854166666666667, 0.3854166666666667, 0.3854166666666667, 0.3854166666666667]}