{"loss": [1.33577321326067, 1.2570191566022606, 1.1865771101427043, 1.1369702708600136, 1.1104535340528026, 1.0754459014917475, 1.0616057749629626, 1.043391067613027, 1.0295986804822115, 1.0153328557596681, 0.9979061197335518, 0.9859902970789999, 0.9717316142377255, 0.9749514947904029, 0.9571540245031256, 0.9519039453848105, 0.9406474492768605, 0.9384286915849653, 0.9229020980106393, 0.9261498429837479, 0.9096502308680408, 0.9044716728012401, 0.8950224181257616, 0.8878865469682035, 0.8793297742829105, 1.1009053061174792, 0.8951097449590993, 0.799699334904205, 0.7514612841051679, 0.7343727364096531, 0.7047801974207856, 0.6972824563813764, 0.659583788278491, 0.6470651224602101, 0.6484709236510965, 0.6175389005694278, 0.6058476352414419, 0.5882222416789032, 0.5867216254389563, 0.5640596948390784, 0.5652004293231077, 0.5657039839167928, 0.5121317013751628, 0.5294124899908553, 0.4989715107651644, 0.4900152995142826, 0.48469014777693636, 0.46173336616782257, 0.455689825637396, 0.4537096564159837, 0.4634016870066177, 0.42480200910291005, 0.42017009785008985, 0.4074071056621019, 0.3708962850099386, 0.3980598702680233, 0.36456604891045147, 0.3426987941181937, 0.37528530490952866, 0.33293180479559786], "val_loss": [1.4198014491965063, 1.1894256287592748, 1.1808687442882584, 1.1080275380239701, 1.1198053314168874, 1.0508665102733228, 1.0273709426417224, 1.0613590540706117, 1.0315377831113262, 0.9982854634026326, 1.0152205743160345, 1.0101042971220286, 1.0081029078336277, 1.0390419125816284, 1.0049963690734929, 1.0421247190111698, 0.9777887436339092, 0.9782180425219988, 0.9535334490190994, 0.9604009676878654, 0.9734462253679133, 0.9607535211654398, 1.0124578645602786, 0.9259342652589536, 0.9658617595557807, 0.9176250323653221, 0.8000215850770473, 0.7335615325719118, 0.7127934694290161, 0.7076787296682596, 0.6906932769343257, 0.6704787565395236, 0.6754021430388093, 0.6738554053008556, 0.6612125867977738, 0.6703883372247219, 0.6422542706131935, 0.6569098504260182, 0.6608944181352854, 0.6424464546144009, 0.6602467373013496, 0.6385237649083138, 0.6566020902246237, 0.6647474952042103, 0.6682308651506901, 0.6515179481357336, 0.6826545735821128, 0.6905567646026611, 0.6787385959178209, 0.6922174897044897, 0.6738854805007577, 0.6881853258237243, 0.7067264523357153, 0.7224054615944624, 0.7210141224786639, 0.744750052690506, 0.7126548066735268, 0.7471455642953515, 0.7258358988910913, 0.7403432140126824], "val_acc": [0.4430746918056563, 0.4720812182741117, 0.4271211022480058, 0.508339376359681, 0.4757070340826686, 0.542422044960116, 0.5228426395939086, 0.5308194343727338, 0.542422044960116, 0.5482233502538071, 0.5453226976069616, 0.5554749818709209, 0.546047860768673, 0.546047860768673, 0.546047860768673, 0.5250181290790428, 0.5714285714285714, 0.5431472081218274, 0.5881073241479333, 0.5779550398839739, 0.5685279187817259, 0.5779550398839739, 0.5612762871646121, 0.5924583031182016, 0.5620014503263234, 0.6223958333333334, 0.6927083333333334, 0.7213541666666666, 0.71875, 0.71875, 0.7083333333333334, 0.7317708333333334, 0.7265625, 0.7447916666666666, 0.7552083333333334, 0.7239583333333334, 0.7369791666666666, 0.7239583333333334, 0.7369791666666666, 0.7421875, 0.734375, 0.7526041666666666, 0.7395833333333334, 0.7369791666666666, 0.7395833333333334, 0.7447916666666666, 0.7395833333333334, 0.7265625, 0.7395833333333334, 0.734375, 0.7369791666666666, 0.7317708333333334, 0.7447916666666666, 0.7526041666666666, 0.75, 0.734375, 0.7604166666666666, 0.7473958333333334, 0.7421875, 0.7447916666666666]}