{"loss": [1.3856625985502764, 1.382810601522907, 1.3814832502253425, 1.381204038707133, 1.380995156866126, 1.3809246513573825, 1.3805398934556574, 1.3806081166122166, 1.3806173451098953, 1.380598259477878, 1.3805892888491702, 1.380219968269492, 1.3805795036812811, 1.3804911880107613, 1.3803101583526478, 1.3804871100200269, 1.3805298185633783, 1.3805527759039202, 1.3803803268293267, 1.3803955624075883, 1.3805665964877978, 1.3804588070418888, 1.380466104266953, 1.3803473291317565, 1.3805327603918993, 1.3872019536793232, 1.3129875427111983, 1.2182783894240856, 1.214039996266365, 1.2148570651188493, 1.2143802708014846, 1.2144680675119162, 1.214093016460538, 1.2144488608464599, 1.2137450007721782, 1.214268728159368, 1.213528122752905, 1.2146679246798158, 1.2139559406787157, 1.2147632772102952, 1.2137418538331985, 1.2138514379039407, 1.21434514131397, 1.2137996228411794, 1.213704489171505, 1.2148073771968484, 1.2148660346865654, 1.2145691635087132, 1.2136460584588349, 1.2145315883681178, 1.2142730988562107, 1.213893037289381, 1.2141816727817059, 1.2138832490891218, 1.2142293462529778, 1.2148492131382227, 1.213928498327732, 1.2141369804739952, 1.2139990720897913, 1.2147913360968232], "val_loss": [1.3799298944639242, 1.38050308886259, 1.3804145485184347, 1.3803919047182067, 1.3800376557715999, 1.3800649302346366, 1.380107893297169, 1.380129695543783, 1.3800676647003705, 1.3802442575728573, 1.3800643813013598, 1.3803170353195822, 1.380071560051927, 1.3800894876940688, 1.3804677294336254, 1.3803061761226751, 1.3801282380610986, 1.3801121413491617, 1.3802875380657824, 1.3803634085976793, 1.3800914274600211, 1.380016623674051, 1.380055895225132, 1.3804424852456971, 1.380049848228023, 1.378260862082243, 1.2257185392081738, 1.2116414476186037, 1.211426941677928, 1.2110583819448948, 1.2109482754021883, 1.2113054357469082, 1.2111901734024286, 1.210955336689949, 1.2107910737395287, 1.2108542174100876, 1.211028903722763, 1.2109521329402924, 1.2108562998473644, 1.210902964696288, 1.2110559083521366, 1.2108592092990875, 1.2108316384255886, 1.210870448499918, 1.2108893655240536, 1.2108976282179356, 1.2109149657189846, 1.2108244113624096, 1.210868738591671, 1.210798017680645, 1.2108142487704754, 1.2108155600726604, 1.2108586691319942, 1.210928287357092, 1.2109274063259363, 1.2109572775661945, 1.2108789142221212, 1.2108252197504044, 1.2108513563871384, 1.210915494710207], "val_acc": [0.26903553299492383, 0.2675852066715011, 0.2704858593183466, 0.2683103698332125, 0.26468455402465557, 0.2675852066715011, 0.2704858593183466, 0.2704858593183466, 0.2704858593183466, 0.2704858593183466, 0.2675852066715011, 0.2704858593183466, 0.2704858593183466, 0.2704858593183466, 0.2704858593183466, 0.2704858593183466, 0.2704858593183466, 0.2704858593183466, 0.2675852066715011, 0.2675852066715011, 0.2704858593183466, 0.2704858593183466, 0.2704858593183466, 0.2704858593183466, 0.2704858593183466, 0.3854166666666667, 0.3854166666666667, 0.3854166666666667, 0.3854166666666667, 0.3854166666666667, 0.3854166666666667, 0.3854166666666667, 0.3854166666666667, 0.3854166666666667, 0.3854166666666667, 0.3854166666666667, 0.3854166666666667, 0.3854166666666667, 0.3854166666666667, 0.3854166666666667, 0.3854166666666667, 0.3854166666666667, 0.3854166666666667, 0.3854166666666667, 0.3854166666666667, 0.3854166666666667, 0.3854166666666667, 0.3854166666666667, 0.3854166666666667, 0.3854166666666667, 0.3854166666666667, 0.3854166666666667, 0.3854166666666667, 0.3854166666666667, 0.3854166666666667, 0.3854166666666667, 0.3854166666666667, 0.3854166666666667, 0.3854166666666667, 0.3854166666666667]}