{"loss": [1.2403885312378407, 1.1889899522066116], "val_loss": [1.2030324637889862, 1.1135009601712227], "val_acc": [0.3854166666666667, 0.5364583333333334]}