{"loss": [1.0446933070197701, 0.7907268981604526, 0.7511418129627904, 0.7177504817179093, 0.6805447270550454, 0.6588835219930237, 0.6384051797601084, 0.6099696004530415, 0.6072491909144446, 0.6089030336976672, 0.606386962851199, 0.5607266805988426, 0.5758628136051508, 0.5446677065143982, 0.5507596604293212, 0.5127496926967675, 0.5236118346995985, 0.5176021621834176, 0.49763864011038095, 0.5061881358851679, 0.4627870727951328, 0.47480841402042034, 0.44474655386875384, 0.47167419545197237, 0.4507036995297919, 0.4290298431684884, 0.4313025086497267, 0.43384633257907507, 0.41809382415764657, 0.4389201346008728, 0.396917529059768, 0.3864082415821031, 0.39016673597022117, 0.3942061347091415, 0.36017184985879186, 0.35524325853718136, 0.3379532326459109, 0.32960950534713146, 0.3671522980002919, 0.333590830268804, 0.3221633243665565, 0.344774087658152, 0.31953123289955937, 0.30177904973000597, 0.3133855654256574, 0.3352696780154171, 0.29674812902036746, 0.2938544843054842, 0.2733489843570472, 0.29802806312121294], "val_loss": [0.8586774356663227, 0.7969313403591514, 0.6814159906158844, 0.674056631202499, 0.652073317207396, 0.6448117317631841, 0.6239093154047927, 0.6072512178992232, 0.6888030716218054, 0.6073222137056291, 0.5933098097642263, 0.584764634569486, 0.6165527353684107, 0.662919884469981, 0.6482383486193916, 0.6525346237855653, 0.7461752607487142, 0.718822104545931, 0.7078155325337624, 0.6832749789270262, 0.6612929159309715, 0.8646181716273228, 0.6247577879500265, 0.7844702178457131, 0.8563382428449889, 0.6915790975326672, 0.77398324792739, 0.6751890269418558, 0.9205614077315355, 0.6547962868741403, 0.7925342815384889, 0.8606775287577572, 0.6513906783269098, 0.721055202341328, 0.7820942151593044, 0.7360452148132026, 0.9781621537113097, 0.8020590471569449, 0.8316536290415874, 0.8284083881104986, 0.7629489949904382, 0.823665721497188, 0.9300379542789111, 0.8019277367275208, 0.9631224052670101, 0.8699732507811859, 0.9203532243651958, 0.8091887969252033, 0.9420810837182216, 0.9444494165557747], "val_acc": [0.6458333333333334, 0.6640625, 0.7239583333333334, 0.7083333333333334, 0.7421875, 0.7213541666666666, 0.7578125, 0.7682291666666666, 0.7369791666666666, 0.75, 0.7630208333333334, 0.7708333333333334, 0.7526041666666666, 0.7604166666666666, 0.7552083333333334, 0.7369791666666666, 0.7552083333333334, 0.7578125, 0.7760416666666666, 0.7369791666666666, 0.7786458333333334, 0.71875, 0.7734375, 0.7369791666666666, 0.734375, 0.7552083333333334, 0.7473958333333334, 0.7890625, 0.7395833333333334, 0.7552083333333334, 0.7552083333333334, 0.75, 0.7786458333333334, 0.7604166666666666, 0.7838541666666666, 0.7682291666666666, 0.7630208333333334, 0.7682291666666666, 0.75, 0.765625, 0.8020833333333334, 0.7838541666666666, 0.75, 0.7630208333333334, 0.734375, 0.75, 0.7734375, 0.7421875, 0.7447916666666666, 0.765625]}