{"loss": [1.2234931116302807, 1.1061425699541967, 1.0811499040573835, 1.0557343531399965, 1.0364098716527224, 1.015717975795269, 0.9962382136533657, 0.9847843010599414, 0.9558077609787384, 0.9276735590149959, 0.8930137983212868, 0.8733332796643177, 0.8550581938276688, 0.8349281090001265, 0.8314413723225395, 0.8205391208951672, 0.8242441723123193, 0.8034786991775036, 0.8022720208391547, 0.7985192962611715, 0.8053218722343445, 0.7961242658396562, 0.789892676907281, 0.7844511025274793, 0.7855449629326662, 0.7826637728139758, 0.7620029936855038, 0.7689774182314674, 0.763211672504743, 0.7800248606751362, 0.7614011925955614, 0.7409189113726219, 0.746330146988233, 0.7465665635342399, 0.7465798910707235, 0.7405808164427677, 0.7455698673923811, 0.7397236827140053, 0.7314912412936488, 0.7281703616802891, 0.7261655616263548, 0.7404610806455215, 0.7302942993119359, 0.7167400267596046, 0.7180056807895502, 0.7107402430847287, 0.7076964794347683, 0.702368109797438, 0.7006503166630864, 0.7037593520556887], "val_loss": [1.1120000804464023, 1.09320321927468, 1.0722590535879135, 1.0440261612335842, 1.0441146766146023, 1.018728919327259, 0.9923312366008759, 0.9828110163410505, 0.941406786441803, 0.9190880830089251, 0.8800806949536005, 0.8646980648239454, 0.8203019859890143, 0.7993082044025263, 0.7891586485008398, 0.7724969238042831, 0.76641413072745, 0.7681241060296694, 0.7605061580737432, 0.8383455388247967, 0.8508500593403975, 0.7424874491989613, 0.7762687541544437, 0.7781985066831112, 0.7345976705352465, 0.7332879602909088, 0.7516242749989033, 0.7148138682047526, 0.7904050871729851, 0.7490127844115099, 0.7331984726091226, 0.719099306811889, 0.7107493082682291, 0.715655350436767, 0.7040684732298056, 0.7190075019995371, 0.7254292952517668, 0.7225730754435062, 0.733578392614921, 0.7008700718482336, 0.7176928768555323, 0.7316822248200575, 0.7235466589530309, 0.7262975958486398, 0.7608789590497812, 0.7437971060474714, 0.7260217890143394, 0.7257890738546848, 0.7213634674747785, 0.716052365799745], "val_acc": [0.4973958333333333, 0.5052083333333334, 0.5208333333333334, 0.5338541666666666, 0.5364583333333334, 0.5390625, 0.5807291666666666, 0.5520833333333334, 0.59375, 0.6067708333333334, 0.609375, 0.6536458333333334, 0.6588541666666666, 0.6640625, 0.6901041666666666, 0.6822916666666666, 0.6875, 0.6875, 0.6979166666666666, 0.6302083333333334, 0.6458333333333334, 0.7083333333333334, 0.6744791666666666, 0.6822916666666666, 0.7161458333333334, 0.71875, 0.6848958333333334, 0.7213541666666666, 0.65625, 0.6875, 0.6979166666666666, 0.7265625, 0.7083333333333334, 0.7213541666666666, 0.7291666666666666, 0.703125, 0.7109375, 0.6901041666666666, 0.7005208333333334, 0.71875, 0.7161458333333334, 0.7083333333333334, 0.7213541666666666, 0.7161458333333334, 0.6927083333333334, 0.6848958333333334, 0.6979166666666666, 0.7291666666666666, 0.7161458333333334, 0.7135416666666666]}