{"loss": [1.2419473193585873, 1.1852931641042233, 0.9691367950290442, 0.8744220826774836, 0.8264981247484684, 0.7744828592985868, 0.736854076385498, 0.7390259290114045, 0.6927917543798685, 0.6512515284121037, 0.6446687560528517, 0.6481426721438766, 0.6374416807666421, 0.5942332437261939, 0.6077915383502841, 0.5772227356210351, 0.569024127908051, 0.582505613565445, 0.5582710690796375, 0.5718666324391961, 0.5312132202088833, 0.5432362481951714, 0.5213370816782117, 0.4954272471368313, 0.49618150014430285, 0.5063652279786766, 0.5131805436685681, 0.49706116132438183, 0.4987222542986274, 0.48517135437577963, 0.4740776000544429, 0.48585249576717615, 0.47272542025893927, 0.4518267046660185, 0.4330187113955617, 0.45142877101898193, 0.43402416445314884, 0.41589593701064587, 0.4436099180020392, 0.41137712355703115, 0.44645819580182433, 0.4347925717011094, 0.40471304301172495, 0.3850916549563408, 0.3611192796379328, 0.38724959176033735, 0.3809643480926752, 0.3435897505842149, 0.3603571346029639, 0.3520107220392674], "val_loss": [1.205233782529831, 1.102745421230793, 0.8892597928643227, 0.876853235065937, 0.8463828042149544, 0.7915021553635597, 0.8257539048790932, 0.79425960034132, 0.6379369497299194, 0.660512775182724, 0.6661892533302307, 0.6346438825130463, 0.6567001715302467, 0.8214071169495583, 0.6303397864103317, 0.7374774292111397, 0.6708035618066788, 0.615496352314949, 0.5537885427474976, 0.6785441637039185, 0.7561664879322052, 0.6984292566776276, 0.6254007965326309, 0.6871756166219711, 0.6316113471984863, 0.8975180462002754, 0.5636661425232887, 0.7621034383773804, 0.5561467371881008, 0.7010884135961533, 0.5031059049069881, 0.5729468464851379, 0.5088281594216824, 0.5572332702577114, 0.6983599327504635, 0.6585269421339035, 0.5481719113886356, 0.6215088926255703, 0.5641311258077621, 0.5698481574654579, 0.5249905101954937, 0.5648128688335419, 0.6310638710856438, 0.6412715390324593, 0.5620118714869022, 0.5642045214772224, 0.6404832229018211, 0.8053105771541595, 0.7575977966189384, 0.72946447879076], "val_acc": [0.3854166666666667, 0.5052083333333334, 0.625, 0.6640625, 0.65625, 0.6770833333333334, 0.6536458333333334, 0.7135416666666666, 0.7395833333333334, 0.7291666666666666, 0.7161458333333334, 0.7526041666666666, 0.7317708333333334, 0.6510416666666666, 0.765625, 0.7135416666666666, 0.765625, 0.7838541666666666, 0.7890625, 0.7395833333333334, 0.7526041666666666, 0.7473958333333334, 0.7916666666666666, 0.75, 0.7552083333333334, 0.6927083333333334, 0.8020833333333334, 0.7447916666666666, 0.8072916666666666, 0.7630208333333334, 0.8385416666666666, 0.8203125, 0.8385416666666666, 0.8125, 0.7526041666666666, 0.7864583333333334, 0.8177083333333334, 0.796875, 0.8125, 0.8359375, 0.8151041666666666, 0.8229166666666666, 0.8020833333333334, 0.8046875, 0.8229166666666666, 0.8151041666666666, 0.8125, 0.7734375, 0.7838541666666666, 0.7942708333333334]}