{"loss": [1.1061499541004498, 0.8561029906074206, 0.7528531389931837, 0.7250460435946783, 0.6567378013084332, 0.6322645290444294, 0.6121182478964329, 0.5743058469767371, 0.5987748199452957, 0.5356062110513449, 0.5130058126524091, 0.47334355146934587, 0.5051590328415235, 0.4808306470513344, 0.46331101345519227, 0.4263633880764246, 0.435496016095082, 0.4311491052309672, 0.3887475909044345, 0.39387931271145743, 0.38550737872719765, 0.35952082214256126, 0.32812852738425136, 0.34874397221331793, 0.29778914153575897, 0.33653513714671135, 0.28217897688349086, 0.28824703038359684, 0.3166736935575803, 0.28274936430777114, 0.27414261689409614, 0.23040200661246976, 0.2268980510222415, 0.2506756413107117, 0.22224643624698123, 0.21965472679585218, 0.22073594449708858, 0.192059242244189, 0.19158454285934567, 0.1782632089064767, 0.1731946976700177, 0.16396023953954378, 0.18824476997057596, 0.1549740048358217, 0.14951817462376008, 0.15976477709288397, 0.14757926125700274, 0.12351993545113753, 0.15038890407110253, 0.1426295555817584], "val_loss": [0.9308846890926361, 0.8273931195338567, 0.750544453660647, 0.6826638430356979, 0.6514066879947981, 0.7343727275729179, 0.645243967572848, 0.7223567366600037, 0.6462100272377332, 0.608417828877767, 0.6409525747100512, 0.6366876264413198, 0.6590748528639475, 0.6040076315402985, 0.6572243471940359, 0.6554472247759501, 0.6323207368453344, 0.6523260027170181, 0.64034982273976, 0.6653567403554916, 0.6732389703392982, 0.6321644807855288, 0.7761637071768442, 0.6478059565027555, 0.7572634890675545, 0.687702958782514, 0.6542026326060295, 0.7358974119027456, 0.7490156491597494, 0.7177781909704208, 0.7001468216379484, 0.6855588803688685, 0.8110122407476107, 0.8046422277887663, 0.7589835102359453, 0.7164067551493645, 0.7546247318387032, 0.8189943432807922, 0.8802483528852463, 0.8905202324191729, 0.8536484564344088, 0.824621227880319, 0.8350375940402349, 0.8939097126324972, 0.9363787869612376, 0.8872898345192274, 0.8938833276430765, 0.9974128579099973, 0.8661167050401369, 0.9892040640115738], "val_acc": [0.6015625, 0.6458333333333334, 0.703125, 0.7265625, 0.7526041666666666, 0.703125, 0.75, 0.71875, 0.7604166666666666, 0.7473958333333334, 0.7421875, 0.7760416666666666, 0.7421875, 0.7630208333333334, 0.7473958333333334, 0.7682291666666666, 0.7578125, 0.7578125, 0.7708333333333334, 0.7682291666666666, 0.765625, 0.7682291666666666, 0.7682291666666666, 0.7578125, 0.7578125, 0.7786458333333334, 0.7604166666666666, 0.7890625, 0.7682291666666666, 0.7447916666666666, 0.7838541666666666, 0.7682291666666666, 0.7604166666666666, 0.7864583333333334, 0.7786458333333334, 0.765625, 0.7682291666666666, 0.7734375, 0.7630208333333334, 0.7447916666666666, 0.7916666666666666, 0.7760416666666666, 0.7708333333333334, 0.7630208333333334, 0.7604166666666666, 0.7760416666666666, 0.7838541666666666, 0.7578125, 0.765625, 0.7552083333333334]}