{"loss": [1.0056476707880695, 0.7629874921403825, 0.7142284233899167, 0.6452232830924913, 0.6056363856963193, 0.5762735454676052, 0.5643127751536667, 0.5480237129765252, 0.5303680650540628, 0.48709147961926647, 0.49465967511059716, 0.46048049283369136, 0.47304182408455137, 0.4508931392532152, 0.45670797768980265, 0.4294359337654896, 0.4018439278394605, 0.38374647202241857, 0.38747195961574715, 0.37331621941848425, 0.3698600731343807, 0.3623326944022362, 0.3252701889020197, 0.32736066302944283, 0.3159238960361108, 0.31146448936488014, 0.2746459019447987, 0.29091733138193376, 0.2595858043496264, 0.2922702665916101, 0.2613819036196219, 0.2706241439591395, 0.23790302244500103, 0.24169738877450678, 0.23730236305709695, 0.22570026931134635, 0.24590318437549286, 0.20198545875124788, 0.20226162811256168, 0.20151862386652888, 0.1988667798655873, 0.1828132922413109, 0.21943941943936807, 0.17698976396483582, 0.16561717475027157, 0.16803294047228215, 0.16179769225254859, 0.1434763903628967, 0.1774785908510239, 0.14078696948672587], "val_loss": [1.0066966656595469, 0.7262728835145632, 0.6151038743555546, 0.5784489506234726, 0.6774191988321642, 0.524529343470931, 0.5942574093739191, 0.5294991702151796, 0.5336044606131812, 0.5699421206954867, 0.550361575714002, 0.5897423961820701, 0.5110642331807563, 0.5309234185066695, 0.5661649690009654, 0.5690293855344256, 0.5511312005886188, 0.5733957701983551, 0.5275668483227491, 0.5912576299936821, 0.5239070325624198, 0.6613153723883443, 0.6305327420510972, 0.5676758304083099, 0.6079397132853046, 0.5737441994715482, 0.5692396786374351, 0.6767393200813482, 0.7340746568321871, 0.7296621408507539, 0.6138690870332842, 0.6485613850721469, 0.6780235759215429, 0.5948286162844548, 0.7815935765744749, 0.6691599250383055, 0.7385792601077507, 0.7643878853123169, 0.854943957781264, 0.8030927290965337, 0.8183341592569681, 1.2726554363422717, 0.8183867599194249, 0.8438769151689485, 0.9191791170354312, 0.8601138146671777, 0.8801976538573703, 0.9376797626027837, 1.0771576748375082, 0.9224201132698605], "val_acc": [0.5546875, 0.71875, 0.7161458333333334, 0.8177083333333334, 0.7109375, 0.8177083333333334, 0.7630208333333334, 0.8046875, 0.7786458333333334, 0.7942708333333334, 0.8072916666666666, 0.7864583333333334, 0.7994791666666666, 0.8098958333333334, 0.796875, 0.8072916666666666, 0.8046875, 0.8072916666666666, 0.7942708333333334, 0.7916666666666666, 0.8098958333333334, 0.7708333333333334, 0.8177083333333334, 0.8046875, 0.7838541666666666, 0.8255208333333334, 0.7994791666666666, 0.8203125, 0.7760416666666666, 0.7864583333333334, 0.8177083333333334, 0.8125, 0.8046875, 0.8020833333333334, 0.8151041666666666, 0.8125, 0.7916666666666666, 0.78125, 0.796875, 0.8072916666666666, 0.78125, 0.7421875, 0.7682291666666666, 0.7760416666666666, 0.7578125, 0.8151041666666666, 0.8125, 0.7942708333333334, 0.7786458333333334, 0.7864583333333334]}