{"loss": [1.2234931116302807, 1.1061425699541967, 1.0811499040573835, 1.0557343531399965], "val_loss": [1.1120000804464023, 1.09320321927468, 1.0722590535879135, 1.0440261612335842], "val_acc": [0.4973958333333333, 0.5052083333333334, 0.5208333333333334, 0.5338541666666666]}