{"loss": [1.2458568140864372, 1.180203765630722, 1.078584180213511, 0.9765428602695465, 0.882161227054894, 0.8684688583016396, 0.8352458155713975, 0.8161496771499515, 0.7751879659481347, 0.7492538401857018, 0.7972398516722023, 0.7476615812629461, 0.7441342701204121, 0.719307595398277, 0.695446056779474, 0.671702345367521, 0.6664611562155187, 0.6907008835114539, 0.6461238353513181, 0.6796876229345798, 0.625917564611882, 0.6213202979415655, 0.6010847524739802, 0.600225365255028, 0.5870249196887016, 0.6105332095175982, 0.6033510635606945, 0.559951682575047, 0.5402669692412019, 0.581471674144268, 0.5401743906550109, 0.5492821764200926, 0.5395338130183518, 0.4965871337335557, 0.5213476670905948, 0.46993399993516505, 0.5224261553958058, 0.4795806291513145, 0.5027617218438536, 0.4785276197362691, 0.45863109757192433, 0.48155327956192195, 0.4607152221724391, 0.455037324456498, 0.4378346980083734, 0.46869912720285356, 0.41125908703543246, 0.44812741852365434, 0.4198341218288988, 0.4212549601215869], "val_loss": [1.201705552637577, 1.1489742994308472, 1.010453812777996, 0.9060191735625267, 1.0279797203838825, 0.8632772713899612, 0.8242155499756336, 0.8368426002562046, 0.8426823653280735, 0.7078400906175375, 0.7713686712086201, 0.7705781292170286, 0.6968918442726135, 0.6556564103811979, 0.6635156404227018, 0.6566773355007172, 0.7332484032958746, 0.6679822076112032, 0.6732050720602274, 0.6698978934437037, 0.6113030966371298, 0.6590402089059353, 0.5990471858531237, 0.6742648612707853, 0.5930578019469976, 0.5851144026964903, 0.6301444917917252, 0.602344935759902, 0.6104370430111885, 0.6141315065324306, 0.5770908929407597, 0.58940215036273, 0.5615267381072044, 0.5952904187142849, 0.6214003376662731, 0.6469088271260262, 0.593089809641242, 0.6088590491563082, 0.6337172146886587, 0.5956106279045343, 0.6446947734802961, 0.6462485603988171, 0.6215733848512173, 0.6304387059062719, 0.5667988192290068, 0.655481955036521, 0.6500741261988878, 0.6571427136659622, 0.6515259072184563, 0.628227511420846], "val_acc": [0.3854166666666667, 0.4557291666666667, 0.5520833333333334, 0.5885416666666666, 0.5286458333333334, 0.6223958333333334, 0.6536458333333334, 0.6328125, 0.640625, 0.7057291666666666, 0.6692708333333334, 0.6614583333333334, 0.6901041666666666, 0.7421875, 0.7552083333333334, 0.7395833333333334, 0.6744791666666666, 0.7161458333333334, 0.7317708333333334, 0.7369791666666666, 0.7578125, 0.7291666666666666, 0.7578125, 0.7473958333333334, 0.7734375, 0.7682291666666666, 0.765625, 0.7734375, 0.7630208333333334, 0.7734375, 0.7786458333333334, 0.78125, 0.78125, 0.7864583333333334, 0.75, 0.7552083333333334, 0.7760416666666666, 0.765625, 0.7552083333333334, 0.78125, 0.7708333333333334, 0.7317708333333334, 0.7786458333333334, 0.7734375, 0.7838541666666666, 0.7526041666666666, 0.7473958333333334, 0.765625, 0.7578125, 0.7682291666666666]}