{"loss": [1.1507462039589882, 0.8580021802335978, 0.7591989734210074, 0.7232988472096622, 0.6763685722835362, 0.6507774069905281, 0.6638561417348683, 0.6389489965513349, 0.6384953539818525, 0.6202721334993839, 0.58112084842287, 0.5760188174899668, 0.5426203396636993, 0.519070613430813, 0.5492045793216676, 0.5314433530438691, 0.4934059346560389, 0.4686251737875864, 0.4982983230147511, 0.4697217072825879, 0.4362071678042412, 0.463528293883428, 0.4332887039054185, 0.4493859210051596, 0.44183240341953933, 0.415084304055199, 0.4315724838525057, 0.4131591005716473, 0.37880532711278647, 0.3463620408438146, 0.356428740080446, 0.36551737505942583, 0.3275873383972794, 0.3188814317109063, 0.3430131799541414, 0.34809874824713916, 0.2866311225807294, 0.30709044623654336, 0.31795066059567034, 0.2936489471467212, 0.30164138844702393, 0.26843966357409954, 0.28607811755500734, 0.27904810348991305, 0.28853932800120674, 0.27618370339041576, 0.26231879828264937, 0.24020815978292376, 0.24568321905098855, 0.2251715335296467], "val_loss": [1.0103625245392323, 0.7684720549732447, 0.6997748520225286, 0.6465477701276541, 0.6296122781932354, 0.7201905362308025, 0.6711741853505373, 0.6348918862640858, 0.6873418539762497, 0.584893774241209, 0.5900765378028154, 0.5560800805687904, 0.6126713082194328, 0.5586575604975224, 0.5606344435364008, 0.5494760032743216, 0.5923486687242985, 0.5692659765481949, 0.5936365202069283, 0.5685715228319168, 0.5391466803848743, 0.5823841784149408, 0.5484679844230413, 0.6021205075085163, 0.5664609931409359, 0.5608035288751125, 0.5854640509933233, 0.5493764616549015, 0.638042900711298, 0.7551174648106098, 0.6323392204940319, 0.6422007288783789, 0.5872705951333046, 0.6287893578410149, 0.5667745172977448, 0.6237994376569986, 0.610750786960125, 0.665453901514411, 0.632818603888154, 0.6381886582821608, 0.6873827744275331, 0.6785753238946199, 0.6351227108389139, 0.735499020665884, 0.6723554972559214, 0.6574964225292206, 0.626808125525713, 0.7364361602813005, 0.5897495709359646, 0.7393651623278856], "val_acc": [0.5546875, 0.6692708333333334, 0.71875, 0.7395833333333334, 0.7552083333333334, 0.6927083333333334, 0.7421875, 0.7395833333333334, 0.7161458333333334, 0.7734375, 0.7682291666666666, 0.7708333333333334, 0.765625, 0.796875, 0.765625, 0.7734375, 0.7604166666666666, 0.7786458333333334, 0.75, 0.78125, 0.7994791666666666, 0.7708333333333334, 0.7838541666666666, 0.7708333333333334, 0.7708333333333334, 0.7786458333333334, 0.8046875, 0.7760416666666666, 0.7734375, 0.7708333333333334, 0.7864583333333334, 0.7916666666666666, 0.7942708333333334, 0.796875, 0.7890625, 0.7682291666666666, 0.796875, 0.7630208333333334, 0.8098958333333334, 0.7734375, 0.7786458333333334, 0.78125, 0.796875, 0.7369791666666666, 0.765625, 0.78125, 0.7708333333333334, 0.7708333333333334, 0.8072916666666666, 0.7734375]}