{"loss": [1.2403885312378407, 1.1889899522066116, 1.0354354716837406, 0.9216499086469412, 0.8685504402965307, 0.7984503395855427, 0.7693916885182261, 0.7600091733038425, 0.7319427784532309, 0.714629546739161, 0.7370923571288586, 0.697239127010107, 0.6930327825248241, 0.6857629977166653, 0.6740021426230669, 0.6475848350673914, 0.6606230232864618, 0.6588962720707059, 0.6575543647632003, 0.6242233924567699, 0.6408522054553032, 0.6371798515319824, 0.623332123272121, 0.5925333304330707, 0.5861531281843781, 0.5696561997756362, 0.6109009589999914, 0.5777066936716437, 0.5760309221222997, 0.5607112469151616, 0.5846335673704743, 0.5454019950702786, 0.5415081242099404, 0.562263660132885, 0.5365073066204786, 0.5240541147068143, 0.5395876318216324, 0.5224182195961475, 0.5042773438617587, 0.4875973640009761, 0.5214073862880468, 0.4936066409572959, 0.5000199237838387, 0.5124638015404344, 0.5020870408043265, 0.470604982227087, 0.4863037345930934, 0.48777675349265337, 0.48504649940878153, 0.4880308471620083], "val_loss": [1.2030324637889862, 1.1135009601712227, 1.035656414926052, 1.0236612483859062, 0.8304415345191956, 0.7826022729277611, 0.7627757787704468, 0.7465946227312088, 0.7148835137486458, 0.6819868460297585, 0.7152938917279243, 0.6797275543212891, 0.6433391571044922, 0.6698299795389175, 0.6203643679618835, 0.685120664536953, 0.6237443275749683, 0.6425414718687534, 0.667351208627224, 0.6813774332404137, 0.7022679522633553, 0.5951280333101749, 0.6606019139289856, 0.5785804651677608, 0.6017213016748428, 0.5959420502185822, 0.6950194239616394, 0.5627454146742821, 0.5662655085325241, 0.6360821053385735, 0.6480616070330143, 0.5786065012216568, 0.6098499000072479, 0.5776723250746727, 0.5313238650560379, 0.5403353460133076, 0.5439093969762325, 0.6349416561424732, 0.5272931531071663, 0.6027349047362804, 0.5089673437178135, 0.5452735051512718, 0.566733006387949, 0.5851000398397446, 0.520315770059824, 0.6308394968509674, 0.5751469060778618, 0.561065424233675, 0.554720364511013, 0.5387979000806808], "val_acc": [0.3854166666666667, 0.5364583333333334, 0.5859375, 0.5833333333333334, 0.6848958333333334, 0.6901041666666666, 0.6927083333333334, 0.7161458333333334, 0.71875, 0.7317708333333334, 0.7239583333333334, 0.7421875, 0.7447916666666666, 0.7473958333333334, 0.7447916666666666, 0.71875, 0.7552083333333334, 0.7395833333333334, 0.7552083333333334, 0.7395833333333334, 0.7369791666666666, 0.7630208333333334, 0.7395833333333334, 0.7838541666666666, 0.7630208333333334, 0.765625, 0.7265625, 0.7708333333333334, 0.796875, 0.7630208333333334, 0.7395833333333334, 0.78125, 0.7604166666666666, 0.7838541666666666, 0.8046875, 0.7786458333333334, 0.796875, 0.7552083333333334, 0.7760416666666666, 0.7578125, 0.8072916666666666, 0.7916666666666666, 0.7786458333333334, 0.78125, 0.7994791666666666, 0.7786458333333334, 0.7864583333333334, 0.7760416666666666, 0.7994791666666666, 0.8229166666666666]}