{"loss": [0.9919605484853188, 0.7750992610429724, 0.7355387316395839, 0.6957870942230026, 0.6839946975621084, 0.6777122874433795, 0.6705416470455626, 0.6311692154655854, 0.6359534760316213, 0.6217969311401248, 0.6251418219568828, 0.6063648862764239, 0.6048812565083305, 0.5721194638560215, 0.5620827260427177, 0.5745595789824923, 0.570380452554673, 0.5620426926761866, 0.540447602669398, 0.5476617929525673, 0.5461453972384334, 0.5396581115201116, 0.5218784616639217, 0.50397959491238, 0.5148125672712922, 0.5018278540422519, 0.5195156154222786, 0.4930849929029743, 0.4756338869531949, 0.4648004822277774, 0.46762274019420147, 0.48185984216009575, 0.45339865897161263, 0.45930405030958354, 0.4700685030159851, 0.4261510792033126, 0.4518202824983746, 0.42787189067651826, 0.44025667252329487, 0.4204710703343153, 0.4261187962256372, 0.4191465523714821, 0.4226141332183033, 0.41208504466339946, 0.41451756726019084, 0.38701320881955326, 0.38209476399545866, 0.37377536587882787, 0.3773864424632241, 0.38011409256917733], "val_loss": [0.8005419212083021, 0.8123534570137659, 0.7261726868649324, 0.6818535303076109, 0.626119694362084, 0.6347983293235302, 0.6111867626508077, 0.6186895842353503, 0.6257868086298307, 0.6224624502162138, 0.6243125734229883, 0.6420185714960098, 0.6264936539034048, 0.601136020074288, 0.5711600525925556, 0.5925091778238615, 0.6366358424226443, 0.5985647688309351, 0.6025197363148133, 0.5773873956253132, 0.656971234207352, 0.5631982833147049, 0.5660999156534672, 0.6009880801041921, 0.5662104009340206, 0.6185770183801651, 0.5850689907868704, 0.5489224288612604, 0.5746323509762684, 0.6201848387718201, 0.6344480272382498, 0.5560820965717236, 0.5979492552578449, 0.5682339879373709, 0.5791134176154932, 0.6411516703665257, 0.582347449225684, 0.5644845440983772, 0.5478838626295328, 0.5799356534456214, 0.551648722961545, 0.5810014015684525, 0.5253298236057162, 0.5669936599830786, 0.6111492570489645, 0.5772602955500284, 0.625190036992232, 0.6069543026387691, 0.6984031734367212, 0.6196625089893738], "val_acc": [0.6510416666666666, 0.6614583333333334, 0.6822916666666666, 0.71875, 0.75, 0.75, 0.7421875, 0.765625, 0.7526041666666666, 0.75, 0.7317708333333334, 0.7395833333333334, 0.7291666666666666, 0.75, 0.7734375, 0.7864583333333334, 0.78125, 0.7682291666666666, 0.7786458333333334, 0.7864583333333334, 0.7265625, 0.796875, 0.7942708333333334, 0.7890625, 0.78125, 0.7526041666666666, 0.7604166666666666, 0.7916666666666666, 0.7786458333333334, 0.7708333333333334, 0.7578125, 0.7708333333333334, 0.765625, 0.7838541666666666, 0.7708333333333334, 0.7682291666666666, 0.7708333333333334, 0.7864583333333334, 0.7916666666666666, 0.7786458333333334, 0.7864583333333334, 0.7838541666666666, 0.7942708333333334, 0.7890625, 0.7890625, 0.7786458333333334, 0.7734375, 0.7760416666666666, 0.7578125, 0.796875]}