{"loss": [1.1936316546052694, 0.9707544341993829, 0.9212028491310775, 0.8595634667823712, 0.8301927695671717, 0.7876782389357686, 0.7631629524597278, 0.7419855751407644, 0.7084583354492983, 0.6859246494714171, 0.661987891032671, 0.6859378204680979, 0.6631408535564939, 0.6429360479038829, 0.6358364215508724, 0.6190512892790139, 0.6139103009287888, 0.5756335138188055, 0.5866598836922398, 0.5948465838252256, 0.5578503295934448, 0.5468764146789908, 0.5411135205843797, 0.5397649405058473, 0.5417124408025605, 0.5217630455736071, 0.5396882879625385, 0.5135420431615785, 0.504364158725366, 0.5000895155438533, 0.4923812953444819, 0.48716359907605994, 0.5080717816987695, 0.4669580231808747, 0.47497173462761566, 0.4595431173996379, 0.4673378099202334, 0.42139695833126706, 0.43941325913571444, 0.4536581980840613, 0.4295037817209959, 0.4381184325902723, 0.43633400815694284, 0.3830616031579363, 0.42244296218268573, 0.39814358681906015, 0.40698773218900897, 0.4005800817491642, 0.388895399858787, 0.3914684391541717], "val_loss": [1.0231097042560577, 0.9597426988184452, 0.7844678287704786, 0.8334078596283993, 0.7935207032908996, 0.6864836166302363, 0.7215894088149071, 0.6548582462904354, 0.6760999054337541, 0.6414433568716049, 0.6198626809443036, 0.6309772568444411, 0.6473004079113404, 0.636750585710009, 0.620300100495418, 0.5700415760899583, 0.5884022049916288, 0.6124590070297321, 0.5869357641786337, 0.5772596417615811, 0.5786862668270866, 0.616320944391191, 0.5888788982604941, 0.5886629990612468, 0.5432139309123158, 0.5959226290384928, 0.6214795194876691, 0.5727282931717733, 0.6670006653293967, 0.5388429616577923, 0.5966931461977462, 0.5527413488986591, 0.6437882954099526, 0.6250980640761554, 0.6246462549703816, 0.5936000991302232, 0.5643732516715924, 0.5621436150589337, 0.6096452511847019, 0.5684244687048098, 0.5932615903827051, 0.5510325982856253, 0.5695685836641738, 0.6755976914428174, 0.5638431404562047, 0.5776403150521219, 0.5324006069762012, 0.5806097413102785, 0.5186742676111559, 0.5545903121431669], "val_acc": [0.546875, 0.6119791666666666, 0.6666666666666666, 0.6536458333333334, 0.6901041666666666, 0.7317708333333334, 0.7161458333333334, 0.7317708333333334, 0.7447916666666666, 0.7630208333333334, 0.7708333333333334, 0.7526041666666666, 0.7604166666666666, 0.7630208333333334, 0.7838541666666666, 0.7994791666666666, 0.7838541666666666, 0.7916666666666666, 0.7786458333333334, 0.7708333333333334, 0.7734375, 0.7760416666666666, 0.7890625, 0.7916666666666666, 0.8072916666666666, 0.7864583333333334, 0.7708333333333334, 0.8020833333333334, 0.7916666666666666, 0.7994791666666666, 0.796875, 0.7994791666666666, 0.7786458333333334, 0.765625, 0.7734375, 0.7838541666666666, 0.8020833333333334, 0.8046875, 0.7864583333333334, 0.8125, 0.7916666666666666, 0.8020833333333334, 0.7994791666666666, 0.7630208333333334, 0.8125, 0.796875, 0.8177083333333334, 0.8125, 0.8098958333333334, 0.8151041666666666]}