{"loss": [1.175155780899028, 0.8855106195745369, 0.761253991474708, 0.7205362359527498, 0.7022959530974427, 0.6435040587869784, 0.6229519063102392, 0.6104826317944875, 0.6074093487889817, 0.6000619968593431, 0.5795748863990108, 0.5776147021291157, 0.5744508497494584, 0.5352233039836088, 0.5481183549466854, 0.5283062287877934, 0.5391232713591307, 0.5066620986520624, 0.5071397487384578, 0.5015238724881783, 0.4822598818185118, 0.5170260642965635, 0.4601604078100839, 0.4841313534901322, 0.4621669193535733, 0.4451494942768477, 0.458906813544066, 0.4438251829124056, 0.41449690171672654, 0.41007848635005456, 0.41769529196123284, 0.3802030243095942, 0.41409909865857725, 0.38390309672104195, 0.37535541656931554, 0.38464134723957005, 0.3829779428585122, 0.3607280532596633, 0.3573392211983446, 0.34176361837792985, 0.32396388875107124, 0.3192495076994722, 0.3268948519495704, 0.32311310290242545, 0.30531868441418436, 0.30536624387605116, 0.2877632556143605, 0.2995561895319649, 0.28849215455314453, 0.3053282061761517], "val_loss": [1.0614697287480037, 0.7416931251063943, 0.8477455930163463, 0.7671546936035156, 0.6592448291679224, 0.5754317155418297, 0.5757706249132752, 0.5917765588189164, 0.8288643394286433, 0.5310712309243778, 0.5413703654582301, 0.544648224953562, 0.5388470332448682, 0.5317458583352467, 0.4894437766633928, 0.5175032558230063, 0.5219705256943902, 0.5631217486225069, 0.5050750645653656, 0.5331227171700448, 0.6508367060062786, 0.5806825232381622, 0.47785036102868617, 0.5338624113549789, 0.5384873573978742, 0.5094278208368147, 0.5497468251269311, 0.5390118421831479, 0.553581786264355, 0.531551613957466, 0.4941026145437111, 0.4936882161127869, 0.5009423593097987, 0.4976801813269655, 0.6003371196178099, 0.6030102581717074, 0.4914575341778497, 0.5271048204643497, 0.5630403643008322, 0.5416507424573259, 0.5158165058431526, 0.5307658712845296, 0.6449648392541955, 0.5382004522446854, 0.5841377921557674, 0.5593560317744656, 0.5771577523846645, 0.5451037088253846, 0.5847986240405589, 0.6430090711316249], "val_acc": [0.4713541666666667, 0.7057291666666666, 0.6588541666666666, 0.7109375, 0.7552083333333334, 0.7916666666666666, 0.7890625, 0.78125, 0.6796875, 0.8125, 0.8177083333333334, 0.7864583333333334, 0.7942708333333334, 0.8072916666666666, 0.8255208333333334, 0.8046875, 0.8046875, 0.8098958333333334, 0.8359375, 0.8046875, 0.7682291666666666, 0.78125, 0.8333333333333334, 0.7786458333333334, 0.7864583333333334, 0.8255208333333334, 0.7890625, 0.8046875, 0.8151041666666666, 0.8046875, 0.8072916666666666, 0.8229166666666666, 0.8229166666666666, 0.8098958333333334, 0.8020833333333334, 0.8020833333333334, 0.8072916666666666, 0.8098958333333334, 0.8020833333333334, 0.8046875, 0.8203125, 0.8203125, 0.7942708333333334, 0.7942708333333334, 0.8072916666666666, 0.8020833333333334, 0.8072916666666666, 0.7864583333333334, 0.7682291666666666, 0.7760416666666666]}