{"loss": [1.2286580900351207, 1.1534430061777432, 1.019481002042691, 0.9333909004926682, 0.8913975320756435, 0.8321561565001806, 0.842010294397672, 0.8134224986036619, 0.8051241387923559, 0.7560669543842474, 0.7745007934669653, 0.7610328793525696, 0.7403651227553686, 0.7287434128423532, 0.701974426706632, 0.6738893017172813, 0.6886473490546147, 0.6880084077517191, 0.6567846611142159, 0.6433099980155627, 0.6359981919328371, 0.6496093639483055, 0.6693651874860128, 0.6279401617745558, 0.6058263201266527, 0.6264384780079126, 0.5793399550020695, 0.6199080813676119, 0.5867836164931456, 0.6041933167725801, 0.5819883098204931, 0.5779191851615906, 0.5892557818442583, 0.5662876429657141, 0.5675322910149893, 0.5353343815853199, 0.5357560329139233, 0.5359792194018761, 0.520646462837855, 0.5307019834096233, 0.5259012691676617, 0.5032186374689142, 0.5029388396069407, 0.4870187488074104, 0.49429019742334884, 0.49784054700285196, 0.4711415221293767, 0.4792912642781933, 0.46990999889870483, 0.4554197220131755], "val_loss": [1.1772980242967606, 1.074146956205368, 0.9637960642576218, 0.8913626174132029, 0.863973875840505, 0.8030990411837896, 0.8027144769827524, 0.7737372914950053, 0.853867714603742, 0.7546915610631307, 0.7108168601989746, 0.8078827063242594, 0.7841229885816574, 0.7021606763203939, 0.7381878644227982, 0.8114754060904185, 0.7085113922754923, 0.6675863713026047, 0.6734524468580881, 0.6801749517520269, 0.6793999224901199, 0.6916026175022125, 0.7710094600915909, 0.6504455059766769, 0.7426692098379135, 0.6575584808985392, 0.6937736372152964, 0.6819189811746279, 0.8573639690876007, 0.6700937896966934, 0.688161758085092, 0.6579144845406214, 0.7092432131369909, 0.6320526972413063, 0.6245376318693161, 0.6482317671179771, 0.6248814885814985, 0.6278757726152738, 0.6671446984012922, 0.7072868943214417, 0.6869213730096817, 0.6855870336294174, 0.6144689793388048, 0.6769276410341263, 0.6369591330488523, 0.6843125994006792, 0.6382744933168093, 0.6574734399716059, 0.6671796838442484, 0.6636204073826472], "val_acc": [0.5390625, 0.5572916666666666, 0.546875, 0.6171875, 0.609375, 0.6796875, 0.6744791666666666, 0.6927083333333334, 0.6588541666666666, 0.7057291666666666, 0.7083333333333334, 0.6640625, 0.7083333333333334, 0.7161458333333334, 0.6901041666666666, 0.6744791666666666, 0.7265625, 0.7395833333333334, 0.7552083333333334, 0.7447916666666666, 0.7552083333333334, 0.7317708333333334, 0.7109375, 0.7526041666666666, 0.7057291666666666, 0.7630208333333334, 0.7395833333333334, 0.734375, 0.6901041666666666, 0.7552083333333334, 0.7239583333333334, 0.7552083333333334, 0.7369791666666666, 0.7578125, 0.7552083333333334, 0.7447916666666666, 0.7734375, 0.7838541666666666, 0.7526041666666666, 0.7447916666666666, 0.7552083333333334, 0.7786458333333334, 0.7786458333333334, 0.75, 0.7942708333333334, 0.7395833333333334, 0.7786458333333334, 0.7578125, 0.7734375, 0.7708333333333334]}