{"loss": [1.1009053061174792, 0.8951097449590993, 0.799699334904205, 0.7514612841051679, 0.7343727364096531, 0.7047801974207856, 0.6972824563813764, 0.659583788278491, 0.6470651224602101, 0.6484709236510965], "val_loss": [0.9176250323653221, 0.8000215850770473, 0.7335615325719118, 0.7127934694290161, 0.7076787296682596, 0.6906932769343257, 0.6704787565395236, 0.6754021430388093, 0.6738554053008556, 0.6612125867977738], "val_acc": [0.6223958333333334, 0.6927083333333334, 0.7213541666666666, 0.71875, 0.71875, 0.7083333333333334, 0.7317708333333334, 0.7265625, 0.7447916666666666, 0.7552083333333334]}