{"loss": [1.3872019536793232, 1.3129875427111983, 1.2182783894240856, 1.214039996266365, 1.2148570651188493, 1.2143802708014846, 1.2144680675119162, 1.214093016460538, 1.2144488608464599, 1.2137450007721782], "val_loss": [1.378260862082243, 1.2257185392081738, 1.2116414476186037, 1.211426941677928, 1.2110583819448948, 1.2109482754021883, 1.2113054357469082, 1.2111901734024286, 1.210955336689949, 1.2107910737395287], "val_acc": [0.3854166666666667, 0.3854166666666667, 0.3854166666666667, 0.3854166666666667, 0.3854166666666667, 0.3854166666666667, 0.3854166666666667, 0.3854166666666667, 0.3854166666666667, 0.3854166666666667]}