{"loss": [1.060836710035801, 0.7877629809081554, 0.7328010387718678, 0.7007513605058193, 0.6653399579226971, 0.6370639093220234, 0.6060077715665102, 0.5969618484377861, 0.5815890282392502, 0.5539660360664129, 0.5448311548680067, 0.5363873317837715], "val_loss": [0.7900357395410538, 0.7062866538763046, 0.6829278916120529, 0.67762491106987, 0.6886232942342758, 0.657610610127449, 0.6534692943096161, 0.6455859988927841, 0.6349607557058334, 0.6227901726961136, 0.6287620216608047, 0.6142257452011108], "val_acc": [0.6822916666666666, 0.7005208333333334, 0.7135416666666666, 0.7135416666666666, 0.703125, 0.7291666666666666, 0.7317708333333334, 0.7395833333333334, 0.7421875, 0.75, 0.7526041666666666, 0.7447916666666666]}