{"loss": [1.1994210263378626, 1.0848093547957995, 1.0214639997046548, 0.9701664839183071, 0.9410028750996055, 0.8969075365804194, 0.8827841469808907, 0.875183678793845, 0.8582076553265047, 0.8224052295438926, 0.8169026350500378, 0.8009498788350244, 0.783206203412605, 0.7568061642407126, 0.7529612338807502, 0.7409363599888027, 0.7145028027168453, 0.691417078669949, 0.692135855983505, 0.7068098880564575, 0.6748144747810949, 0.6432071702151168, 0.6335168330353872, 0.6066861021485637, 0.6127948593980495, 0.5810631123315494, 0.5810465731368675, 0.5481679919017747, 0.5612588104483119, 0.548033830258684, 0.5165298762621829, 0.5199123048989526, 0.5093770752814124, 0.5006374280252944, 0.4947274516606533, 0.4880686009207901, 0.48862235433137524, 0.46258591247999714, 0.4351831114256399, 0.416583880366087, 0.42169355949406406, 0.42231556556890315, 0.3846247432955271, 0.3947883693029613, 0.3934823051326016, 0.36245081818956815, 0.3816482462080113, 0.3259594543270436, 0.38642434221108785, 0.34046822349363376, 0.3325498664332797, 0.3305142746785231, 0.32420422153379624, 0.29823534201399615, 0.2870741088161442, 0.3185609359356183, 0.26910529011667783, 0.27549141369591035, 0.26879563413762675, 0.2657427543937776, 0.2646035654061503, 0.2680671737655783, 0.2591892640240164, 0.23922782799796816, 0.22477702721799894, 0.23133329613302087, 0.2676398164231963, 0.21048615470657175, 0.2478293428581932, 0.24020312296112883, 0.22167026683590593, 0.21968017928688693, 0.2364075112469037, 0.20658940128603184, 0.16665863776942727], "val_loss": [1.4372343658469617, 0.9931221508110563, 0.9632997832571467, 0.8708037234221896, 0.9132442247743408, 0.9523020605556667, 1.1601826197002083, 0.8454627574731907, 0.9099743980914354, 0.8502569696865976, 0.7993335045563678, 0.7724688857172927, 0.8275486798180888, 0.8078055048050979, 0.8734501450477788, 0.7319931140324721, 0.7539630029350519, 1.002424708295924, 0.6978998928486059, 0.7363162795081735, 0.7544317522939915, 0.743539842000852, 0.7396861294594904, 0.7746689995595565, 0.7674904530479884, 0.7519751465879381, 0.7585295330888281, 0.8810646370790588, 0.9087643487728201, 0.772783080348745, 0.8516628827589253, 0.9615531224117149, 0.8353167111442114, 0.8151800060877576, 0.8167699551559053, 0.8191312441291908, 0.8535387516603805, 0.7868077640693324, 0.7801968173589557, 0.7953956082346849, 0.9148155653141051, 0.8995911490831835, 0.8740692385860408, 0.95288745558355, 0.8337820674641989, 0.863932064094115, 0.8251350790572664, 1.0141565411662061, 0.8608944658966114, 0.8907181123892466, 0.92203102230269, 0.9898565674181251, 0.9553544166944145, 1.0308796734413288, 1.1463620003329804, 0.9490903452485023, 0.9980940854681345, 1.0037821124860784, 1.0863265553101276, 1.1327414760811128, 1.1460649594488739, 1.127755824745691, 1.1275609611305601, 1.1123715758585604, 1.1432338759793008, 1.245808556679549, 1.1032818868310035, 1.0885758644435555, 1.155212648329325, 1.0366191810838548, 1.1207481390204823, 1.3590756215338236, 1.016265124247487, 1.1142957885070548, 1.4651214422401608], "val_acc": [0.5130208333333334, 0.5755208333333334, 0.5911458333333334, 0.5989583333333334, 0.5911458333333334, 0.609375, 0.5911458333333334, 0.640625, 0.6197916666666666, 0.6510416666666666, 0.6536458333333334, 0.7083333333333334, 0.6796875, 0.6744791666666666, 0.6614583333333334, 0.6979166666666666, 0.7083333333333334, 0.6796875, 0.7369791666666666, 0.7213541666666666, 0.7083333333333334, 0.7005208333333334, 0.7135416666666666, 0.7057291666666666, 0.6927083333333334, 0.7213541666666666, 0.7291666666666666, 0.7057291666666666, 0.7083333333333334, 0.7057291666666666, 0.7057291666666666, 0.7109375, 0.7291666666666666, 0.7213541666666666, 0.7057291666666666, 0.7239583333333334, 0.6953125, 0.7291666666666666, 0.734375, 0.7421875, 0.7161458333333334, 0.7291666666666666, 0.7239583333333334, 0.7291666666666666, 0.7083333333333334, 0.7239583333333334, 0.7369791666666666, 0.6979166666666666, 0.71875, 0.7291666666666666, 0.7109375, 0.7109375, 0.6796875, 0.6953125, 0.7239583333333334, 0.71875, 0.7265625, 0.7213541666666666, 0.7369791666666666, 0.71875, 0.7265625, 0.75, 0.7526041666666666, 0.7057291666666666, 0.71875, 0.7135416666666666, 0.6979166666666666, 0.7213541666666666, 0.7161458333333334, 0.7135416666666666, 0.75, 0.7057291666666666, 0.7239583333333334, 0.7395833333333334, 0.7213541666666666]}