{"loss": [1.0349700187527857, 0.9614271091860395, 0.9165219941804575, 0.8730163560357205, 0.8210529477097267, 0.7957102212794992, 0.7602975888307705, 0.7079311429068099, 0.7260580721289612, 0.691439047109249, 0.6870590025602386, 0.6461787951547046, 0.6267707257769829, 0.6194689890672994, 0.6118361215258754, 0.6075220579324767, 0.542454214290131, 0.6178151285925577, 0.5682032842968785, 0.5597589230814646, 0.5551690958267035, 0.5434571428354397, 0.535186021826988, 0.5072581296743348, 0.5092727320138798, 0.48731028999007026, 0.49166251060574556, 0.45468228535596716, 0.47684227831141895, 0.4571016493231751, 0.48137068679166395, 0.4407154533059098, 0.4359992569269136, 0.4334764913764111, 0.4363487577715585, 0.4200883157724558, 0.4482030736845593, 0.4143429911413858, 0.3919437295475671, 0.4017131494921307, 0.3973111368195955, 0.3603663337092067, 0.3664875434235085, 0.36007751281871353, 0.3449560538973919, 0.3234482424896817, 0.3458244145609612, 0.33780618904288423, 0.3294154440247735, 0.3134101336432058, 0.3031483415600865, 0.3335817522087762, 0.2863028175955595, 0.27382441835348, 0.3265841724567635, 0.3054114708373713, 0.24977692233961682, 0.29154632743014847, 0.2870435778831327, 0.2575153495336688, 0.25146808631198353, 0.25745107129562733, 0.24861053706601607, 0.1997662516700667, 0.2332300926710284, 0.2620083913207054, 0.22427913685177647, 0.24218922784162122, 0.20870745112729627, 0.20107479497443798, 0.2014926003162251, 0.23757821737333787, 0.21759156848109046, 0.2037122490447621, 0.20111430540334346], "val_loss": [1.0706922858953476, 0.9678727071732283, 0.893539184704423, 0.9339706432074308, 0.9945794362574816, 0.8316393680870533, 0.8046509996056557, 0.7796808741986752, 0.7133936490863562, 0.7461099065840244, 0.7416187394410372, 0.6689532175660133, 0.8773651048541069, 0.6451558042317629, 0.634202272631228, 0.6584143433719873, 0.8576138354837894, 0.6466177776455879, 0.6893722023814917, 0.6834690598770976, 0.6136363707482815, 0.6493104845285416, 0.6151085551828146, 0.6217310959473252, 0.6597827691584826, 0.5816108724102378, 0.5736136706545949, 0.5969029236584902, 0.5400885054841638, 0.5664258813485503, 0.6243622256442904, 0.5711605781689286, 0.5925117302685976, 0.6665029972791672, 0.6353107085451484, 0.6364136720076203, 0.583480098284781, 0.6399663528427482, 0.5514069087803364, 0.5677712727338076, 0.5346712153404951, 0.6275361562147737, 0.6185736823827028, 0.6357699241489172, 0.5796264000236988, 0.6576492413878441, 0.6607447592541575, 0.8040048154070973, 1.0903335325419903, 0.6892488328740001, 0.6729068793356419, 0.667276349849999, 0.5913856131955981, 0.7070895619690418, 0.6762281423434615, 0.5937967943027616, 0.6303410716354847, 0.7535666087642312, 0.6320759919472039, 0.6562932934612036, 0.8336397903040051, 0.6414152318611741, 0.6658454183489084, 0.8560610376298428, 0.6857884060591459, 0.6581056267023087, 0.7071281615644693, 0.6342797596007586, 0.8020710470154881, 0.7157716825604439, 0.9717091247439384, 0.7210542848333716, 0.6931542251259089, 0.7363861678168178, 0.8337340177968144], "val_acc": [0.5677083333333334, 0.5494791666666666, 0.6276041666666666, 0.6119791666666666, 0.6770833333333334, 0.6848958333333334, 0.7109375, 0.7109375, 0.7708333333333334, 0.703125, 0.7291666666666666, 0.7421875, 0.7265625, 0.7526041666666666, 0.7630208333333334, 0.7526041666666666, 0.6848958333333334, 0.7708333333333334, 0.7708333333333334, 0.7447916666666666, 0.7838541666666666, 0.7708333333333334, 0.78125, 0.7604166666666666, 0.7421875, 0.7864583333333334, 0.8046875, 0.7916666666666666, 0.8125, 0.7864583333333334, 0.7760416666666666, 0.8072916666666666, 0.7916666666666666, 0.7890625, 0.7890625, 0.7942708333333334, 0.7942708333333334, 0.7890625, 0.8046875, 0.8151041666666666, 0.8072916666666666, 0.8072916666666666, 0.7890625, 0.7604166666666666, 0.8177083333333334, 0.7942708333333334, 0.7734375, 0.765625, 0.6848958333333334, 0.8046875, 0.765625, 0.7994791666666666, 0.8098958333333334, 0.7786458333333334, 0.7864583333333334, 0.7994791666666666, 0.7890625, 0.7578125, 0.796875, 0.8072916666666666, 0.7578125, 0.8098958333333334, 0.7864583333333334, 0.7708333333333334, 0.8072916666666666, 0.78125, 0.7942708333333334, 0.8151041666666666, 0.7760416666666666, 0.7994791666666666, 0.75, 0.7994791666666666, 0.8098958333333334, 0.7864583333333334, 0.7994791666666666]}