{"loss": [1.1153748757205904, 1.043155652936548, 1.0063215219415724, 0.9860210944898427, 0.9434511628933251, 0.9170900352764875, 0.9267373373731971, 0.89522061846219, 0.8945152130909264, 0.8736266659107059, 0.886117200832814, 0.8635242048185319, 0.8621861867140979, 0.8448926326818764, 0.8112079007551074, 0.8188758564647287, 0.7951477996539325, 0.7957248061429709, 0.781079956330359, 0.7575880205258727, 0.7796443314291537, 0.7369884203653783, 0.7457270054146647, 0.7262228177860379, 0.7100627024192363, 0.700790505274199, 0.701747584505938, 0.716883672401309, 0.711027059238404, 0.7162743359804153, 0.6954196039587259, 0.7012085716705769, 0.6802975639002398, 0.6686790339881554, 0.6554517099866644, 0.6548367083305493, 0.6613876291085035, 0.6666709235869348, 0.6371579128317535, 0.6425431177485734, 0.6367825955385342, 0.6254553450271487, 0.6220634495839477, 0.6270071301842108, 0.6130065781762823, 0.6008080821484327, 0.6051051642280072, 0.5915039802202955, 0.5877702428260818, 0.5771433255868033, 0.5765623863553628, 0.5680920569575392, 0.5634567396482453, 0.5497880637412891, 0.5451161455130205, 0.5498002805397846, 0.52744004142005, 0.54118173266761, 0.5318153178086504, 0.5178830137010664, 0.48956644407007843, 0.4986645727767609, 0.5015832289354876, 0.4650945225148462, 0.4927329003694467, 0.47374590596882626, 0.4801526672090404, 0.4536588202463463, 0.454946072306484, 0.4469839596422389, 0.43959327560150996, 0.4421200123615563, 0.4407444585231133, 0.4292373231728561, 0.4042079540522536], "val_loss": [1.0368170849978924, 0.9791667778044939, 0.9623212646692991, 2.8373063299804926, 0.9421426188200712, 1.008126888424158, 0.9883552398532629, 0.9274453595280647, 0.8809513049200177, 0.8941886285319924, 1.0185997281223536, 0.8814305393025279, 0.9108320167288184, 0.9573441315442324, 0.8178959423676133, 0.8914141375571489, 0.8494235696271062, 0.9644248029217124, 0.820317423902452, 0.8475197376683354, 0.8030422767624259, 0.8259520949795842, 0.8285932475700974, 0.7516429126262665, 0.8241315549239516, 0.77429065015167, 0.7676903363317251, 0.7052327590063214, 0.7953586345538497, 0.7860913779586554, 0.7034745430573821, 0.7322545950300992, 0.7798970150761306, 0.701188980601728, 0.7725632479414344, 0.7345965318381786, 0.7367696538567543, 0.7429334297776222, 0.741998091340065, 0.7307859077118337, 0.7390241404064, 0.7119430550374091, 0.8404762484133244, 0.6926649883389473, 0.770647238008678, 0.9091693796217442, 0.7617841740138829, 0.6701103886589408, 0.8005517441779375, 0.7054552123881876, 0.7444552751258016, 0.6860570493154228, 0.6801297222264111, 0.6820700606331229, 0.6820297702215612, 0.7738261166960001, 0.696148999966681, 0.7443332399707288, 0.7380583281628788, 0.7873596413992345, 0.6846426343545318, 0.7127462208736688, 0.703431336209178, 0.7539651929400861, 0.8066221005283296, 0.7291840065736324, 0.6900189472362399, 0.6822469686158001, 0.6650820900686085, 0.8540316573344171, 0.7243098157923669, 0.731071047950536, 0.6830107488203794, 0.6764318887144327, 0.7349852223414928], "val_acc": [0.5677083333333334, 0.5807291666666666, 0.5520833333333334, 0.5520833333333334, 0.5677083333333334, 0.5911458333333334, 0.5833333333333334, 0.6041666666666666, 0.6041666666666666, 0.6119791666666666, 0.5182291666666666, 0.6223958333333334, 0.5911458333333334, 0.5703125, 0.6432291666666666, 0.5625, 0.6484375, 0.5677083333333334, 0.6302083333333334, 0.640625, 0.6770833333333334, 0.6484375, 0.6015625, 0.6927083333333334, 0.6822916666666666, 0.6510416666666666, 0.6822916666666666, 0.7239583333333334, 0.6510416666666666, 0.6484375, 0.7109375, 0.7109375, 0.6848958333333334, 0.7239583333333334, 0.71875, 0.734375, 0.71875, 0.6848958333333334, 0.6953125, 0.7057291666666666, 0.6927083333333334, 0.7005208333333334, 0.6979166666666666, 0.7265625, 0.7057291666666666, 0.6588541666666666, 0.703125, 0.7447916666666666, 0.671875, 0.7421875, 0.7213541666666666, 0.7395833333333334, 0.7578125, 0.7526041666666666, 0.7604166666666666, 0.7109375, 0.7421875, 0.7291666666666666, 0.7135416666666666, 0.6848958333333334, 0.7526041666666666, 0.765625, 0.7604166666666666, 0.7317708333333334, 0.7213541666666666, 0.7369791666666666, 0.7395833333333334, 0.7604166666666666, 0.7526041666666666, 0.6875, 0.75, 0.7369791666666666, 0.7786458333333334, 0.7578125, 0.7864583333333334]}