{"loss": [1.2465173018475373, 1.2159064213434856, 1.2301072763899963, 1.2283775967856247, 1.2268440860013168, 1.2236373734970887, 1.2299921462933223, 1.2259164253870647, 1.2275636531412601, 1.2246409406264622, 1.228431649506092, 1.229553194095691, 1.2234044248859088, 1.221952925125758, 1.2189378614226978, 1.2227964128057163, 1.2242212295532227, 1.2265634598831336, 1.2237033893664677, 1.2246275593837102, 1.2202164642512798, 1.2225693004826705, 1.2219185965756576, 1.218356415629387, 1.221297702441613, 1.2234497411797445, 1.2212189696729183, 1.2222530816992123, 1.2194169548650582, 1.2192876935005188, 1.2226798025270302, 1.220819279551506, 1.2260658306380112, 1.223202109336853, 1.2196364253759384, 1.2258369376262028, 1.2189473795394103, 1.2210782542824745, 1.2230385802686214, 1.2187088914215565, 1.2187703636785348, 1.2210006900131702, 1.2218649921317895, 1.2185295994083087, 1.219155177474022, 1.2156489888827007, 1.222863420844078, 1.2219375806550186, 1.2200437697271507, 1.2168916041652362, 1.2168554725746314, 1.2188904583454132, 1.2205677814781666, 1.218583595007658, 1.2163632710774739, 1.2169805876910686, 1.2180693596601486, 1.222194739927848, 1.218535976484418, 1.222881380468607, 1.21614354600509, 1.22108731046319, 1.2218444955845673, 1.2175762057304382, 1.217342346906662, 1.2186472453176975, 1.21776453529795, 1.2181150019168854, 1.217259008437395, 1.2164643506209056, 1.225547308723132, 1.2215792834758759, 1.2215459992488225, 1.2218921035528183, 1.2240013877550762], "val_loss": [1.1414247006177902, 1.2153983662525814, 1.2373285740613937, 1.2563043038050334, 1.222613900899887, 1.2299223045508068, 1.2961960832277934, 1.2496826152006786, 1.2487998058398564, 1.2176244258880615, 1.238629733522733, 1.2235584606726964, 1.2213021169106166, 1.2132636904716492, 1.246880407134692, 1.2411582718292873, 1.2329873045285542, 1.2495228697856267, 1.2548013826211293, 1.2776752213637035, 1.2393871347109477, 1.2522496581077576, 1.2958235293626785, 1.2710826645294826, 1.2160989741484325, 1.2629168679316838, 1.2463951806227367, 1.2323538462320964, 1.2640565534432728, 1.25617819527785, 1.2210823992888133, 1.2144412249326706, 1.23433123032252, 1.262766530116399, 1.275915856162707, 1.237852121392886, 1.2349750250577927, 1.2237461407979329, 1.2296700725952785, 1.236273507277171, 1.2595579574505489, 1.2732438792785008, 1.251397008697192, 1.2207613984743755, 1.2258636504411697, 1.246063654621442, 1.2251954178015392, 1.2352819939454396, 1.2393129269282024, 1.2251669118801753, 1.2713716228802998, 1.2348421315352123, 1.2236480712890625, 1.2735335727532704, 1.252453088760376, 1.2597082257270813, 1.2680227259794872, 1.2363583693901699, 1.284637525677681, 1.2496728996435802, 1.2250466098388035, 1.2250606069962184, 1.2358744243780773, 1.237024689714114, 1.2281966010729473, 1.2428336590528488, 1.2314818501472473, 1.247760385274887, 1.2366070946057637, 1.2270020147164662, 1.213232030471166, 1.2415537436803181, 1.2130255997180939, 1.21169812977314, 1.2471448580423992], "val_acc": [0.5, 0.3854166666666667, 0.3854166666666667, 0.3854166666666667, 0.3255208333333333, 0.3854166666666667, 0.3854166666666667, 0.3854166666666667, 0.3854166666666667, 0.3854166666666667, 0.3854166666666667, 0.3255208333333333, 0.3255208333333333, 0.3854166666666667, 0.3854166666666667, 0.3854166666666667, 0.3854166666666667, 0.3854166666666667, 0.3854166666666667, 0.3854166666666667, 0.3854166666666667, 0.3854166666666667, 0.3854166666666667, 0.3854166666666667, 0.3854166666666667, 0.3854166666666667, 0.3854166666666667, 0.3854166666666667, 0.3854166666666667, 0.3854166666666667, 0.3854166666666667, 0.3854166666666667, 0.3854166666666667, 0.3854166666666667, 0.3854166666666667, 0.3854166666666667, 0.3854166666666667, 0.3854166666666667, 0.3854166666666667, 0.3854166666666667, 0.3854166666666667, 0.3854166666666667, 0.3854166666666667, 0.3854166666666667, 0.3854166666666667, 0.3854166666666667, 0.3854166666666667, 0.3854166666666667, 0.3854166666666667, 0.3854166666666667, 0.3854166666666667, 0.3854166666666667, 0.3854166666666667, 0.3854166666666667, 0.3854166666666667, 0.3854166666666667, 0.3854166666666667, 0.3854166666666667, 0.3854166666666667, 0.3854166666666667, 0.3854166666666667, 0.3854166666666667, 0.3854166666666667, 0.3854166666666667, 0.3854166666666667, 0.3854166666666667, 0.3854166666666667, 0.3854166666666667, 0.3854166666666667, 0.3854166666666667, 0.3854166666666667, 0.3854166666666667, 0.3854166666666667, 0.3854166666666667, 0.3854166666666667]}