{"loss": [1.0396302714943886, 0.8131764624267817, 0.807664668187499, 0.785228818655014, 0.7220233893021941, 0.6496475813910365, 0.6323451334610581, 0.6491758553311229, 0.6419672407209873, 0.5756586724892259, 0.614196945913136, 0.5866528712213039, 0.5514768483117223, 0.5723816053941846, 0.5296231368556619, 0.5611170241609216, 0.5003753276541829, 0.49320187233388424, 0.48745048698037863, 0.4817866161465645, 0.49776053661480546, 0.46996456710621715, 0.46152849728241563, 0.44668071577325463, 0.4673307202756405, 0.4520470919087529, 0.4098440674133599, 0.43048614682629704, 0.4285788759589195, 0.39154001232236624, 0.37263423344120383, 0.3936385065317154, 0.4025583849288523, 0.3798174997791648, 0.36404933081939816, 0.3764158175326884, 0.33740613306872547, 0.35927417827770114, 0.36874618427827954, 0.3328856620937586, 0.2932729492895305, 0.3047759076580405, 0.31829508673399687, 0.324874522164464, 0.29719112487509847, 0.2627376620657742, 0.3077304179314524, 0.29357146797701716, 0.2671108639333397, 0.24857225990854204, 0.23025162145495415, 0.1855766442604363, 0.14210129925049841, 0.1461368789896369, 0.140929295681417, 0.13020352786406875, 0.1278283833526075, 0.1174012899864465, 0.13179325475357473, 0.11541402991861105, 0.13077314523980021, 0.11796245397999883, 0.09507467411458492, 0.1006792054977268, 0.09698505490086973, 0.14174498245120049, 0.12272002617828548, 0.09257350803818554, 0.06580403499538079, 0.0699484673095867, 0.09586117346771061, 0.10205632750876248, 0.07178496685810387, 0.09510533208958805, 0.11633348895702511], "val_loss": [0.9370190426707268, 0.8604539483785629, 0.8496187850832939, 0.9594667553901672, 0.6624636277556419, 0.6184187084436417, 0.7771137803792953, 0.7471633777022362, 0.6762202233076096, 0.5561809316277504, 0.6116885468363762, 0.5653660707175732, 0.8333632573485374, 0.5371796451508999, 0.6968402341008186, 0.5715522915124893, 0.6476321406662464, 0.5127656571567059, 0.4730790928006172, 0.7020010426640511, 0.5867300480604172, 0.5500265471637249, 0.5692971870303154, 0.5086659714579582, 0.48952366039156914, 0.5627624318003654, 0.511767078191042, 0.613738015294075, 0.4804799258708954, 0.5287568978965282, 0.7536615468561649, 0.8447373136878014, 0.4601282924413681, 0.47492751479148865, 0.49849308282136917, 0.42827801406383514, 0.5026444159448147, 0.5958404652774334, 0.4592975340783596, 0.4997928626835346, 0.5710553154349327, 0.558251153677702, 0.4621693566441536, 0.6831221878528595, 0.47345107048749924, 0.7322491742670536, 0.6118042580783367, 0.5953431539237499, 0.49850813299417496, 0.4766641668975353, 0.6385470293462276, 0.5485283136367798, 0.5531001463532448, 0.7749680131673813, 0.6787006258964539, 0.6089624613523483, 0.6473850011825562, 0.6404873132705688, 0.5908333212137222, 0.6332336291670799, 0.685784786939621, 0.6563066318631172, 0.6482475027441978, 0.6710817515850067, 0.9109024405479431, 0.6857088506221771, 0.6579742059111595, 0.6636491119861603, 0.6824371889233589, 0.7069545760750771, 0.7536998838186264, 0.6386111155152321, 0.7377968579530716, 0.8774078488349915, 0.8995641469955444], "val_acc": [0.625, 0.6432291666666666, 0.6276041666666666, 0.6119791666666666, 0.7369791666666666, 0.7421875, 0.6796875, 0.6953125, 0.765625, 0.7786458333333334, 0.765625, 0.7890625, 0.671875, 0.7942708333333334, 0.7057291666666666, 0.7552083333333334, 0.7734375, 0.8098958333333334, 0.8229166666666666, 0.75, 0.7682291666666666, 0.8072916666666666, 0.7838541666666666, 0.8177083333333334, 0.8020833333333334, 0.7864583333333334, 0.8072916666666666, 0.7890625, 0.8177083333333334, 0.7994791666666666, 0.765625, 0.734375, 0.8333333333333334, 0.84375, 0.7916666666666666, 0.8229166666666666, 0.78125, 0.7708333333333334, 0.8307291666666666, 0.8359375, 0.8046875, 0.8177083333333334, 0.8177083333333334, 0.7942708333333334, 0.8385416666666666, 0.7552083333333334, 0.8151041666666666, 0.8359375, 0.8255208333333334, 0.8385416666666666, 0.8046875, 0.8177083333333334, 0.8463541666666666, 0.8072916666666666, 0.8203125, 0.8359375, 0.8151041666666666, 0.8151041666666666, 0.8411458333333334, 0.8229166666666666, 0.8229166666666666, 0.8411458333333334, 0.828125, 0.8411458333333334, 0.7994791666666666, 0.8151041666666666, 0.8411458333333334, 0.8541666666666666, 0.8411458333333334, 0.8489583333333334, 0.8307291666666666, 0.859375, 0.8463541666666666, 0.8072916666666666, 0.8151041666666666]}